"Title ",
"<a href=""https://www.youtube.com/watch?v=yHZU58UbUVA"">VIDEO : How China’s Mystery Pneumonia Illness is Different From SARS</a>",
"<a href=""https://science.sciencemag.org/content/367/6474/126"">News at a glance</a>",
"<a href=""https://www.ejinsight.com/eji/article/id/2351122/2020010-hk-seeks-genetic-info-on-wuhan-virus-to-develop-quick-test"">HK seeks genetic info on Wuhan virus to develop quick test</a>",
"<a href=""http://www.koreaherald.com/view.php?ud=20200110000577"">S. Korea asks China for info on virus suspected of causing pneumonia-like illness</a>",
"<a href=""https://www.traveldailymedia.com/chinese-traveller-from-wuhan-discharged-from-thai-quarantine/"">Chinese traveller from Wuhan discharged from Thai quarantine</a>",
"<a href=""https://www.continuitycentral.com/index.php/news/business-continuity-news/4779-novel-coronavirus-is-an-emerging-disease-that-organizations-need-to-monitor"">Novel coronavirus is an emerging disease that organizations need to monitor</a>",
"<a href=""https://news.cgtn.com/news/2020-01-10/Pneumonia-in-central-China-s-Wuhan-largely-under-control-Expert-N8NfXO3axO/index.html"">Pneumonia in central China's Wuhan largely under control: Expert</a>",
"<a href=""https://www.sunstar.com.ph/article/1839352"">China virus risk 'low to moderate' in Philippines</a>",
"<a href=""https://www.thetimes.co.uk/article/virus-found-in-china-is-related-to-deadly-sars-bkvnv5crs"">Virus found in China is related to deadly Sars</a>",
"<a href=""https://sg.news.yahoo.com/new-suspected-case-of-pneumonia-in-singapore-china-male-isolated-moh-102413784.html"">Wuhan virus outbreak: Second suspected case not linked to China cluster</a>",
"<a href=""https://asia.nikkei.com/Spotlight/Coronavirus/China-s-new-virus-looms-over-Lunar-New-Year-travel"">China's new virus looms over Lunar New Year travel</a>",
"<a href=""https://elevenmyanmar.com/news/health-ministry-prepared-for-viral-pneumonia-found-in-china"">Health Ministry prepared for viral pneumonia found in China</a>",
"<a href=""https://www.gizmodo.com.au/2020/01/the-mystery-virus-in-china-might-be-an-undiscovered-cousin-of-sars-scientists-say/"">The Mystery Virus In China Might Be An Undiscovered Cousin Of SARS, Scientists Say</a>",
"<a href=""https://www.tnp.sg/news/world/wuhan-flu-outbreak-may-be-due-new-virus-sars-family"">Wuhan flu outbreak may be due to new virus from Sars family</a>",
"<a href=""https://www.asiaone.com/china/wuhan-flu-caused-new-coronavirus-more-about-pathogen-behind-outbreak"">Wuhan flu caused by new coronavirus: More about the pathogen behind the outbreak</a>",
"<a href=""https://www.sciencemag.org/news/2020/01/mystery-virus-found-wuhan-resembles-bat-viruses-not-sars-chinese-scientist-says"">Mystery virus found in Wuhan resembles bat viruses but not SARS, Chinese scientist says</a>",
"<a href=""https://www.nytimes.com/2020/01/10/world/asia/china-virus-wuhan-death.html"">China Reports First Death From New Virus</a>",
"<a href=""https://www.aljazeera.com/news/2020/01/china-reports-death-mysterious-outbreak-wuhan-200111023325546.html"">China reports first death from mysterious outbreak in Wuhan</a>",
"<a href=""https://www.sciencenews.org/article/what-we-know-about-new-virus-causing-pneumonia-outbreak-china"">What we know — and don’t know — about a new virus causing pneumonia in China</a>",
"<a href=""https://edition.cnn.com/travel/article/chunyun-2020-lunar-new-year-travel-rush-china/index.html"">3 billion journeys: World's biggest human migration begins in China</a>",
"<a href=""https://www.gov.uk/government/news/novel-coronavirus-and-avian-flu-advice-for-travel-to-china"">Novel coronavirus and avian flu: advice for travel to China</a>",
