"Title ",
"<a href=""http://www.cidrap.umn.edu/news-perspective/2020/01/china-releases-genetic-data-new-coronavirus-now-deadly"">China releases genetic data on new coronavirus, now deadly</a>",
"<a href=""https://www.sciencemag.org/news/2020/01/chinese-researchers-reveal-draft-genome-virus-implicated-wuhan-pneumonia-outbreak"">Chinese researchers reveal draft genome of virus implicated in Wuhan pneumonia outbreak</a>",
"<a href=""https://www.cbc.ca/news/health/china-virus-canada-sars-risk-1.5422619"">Is Canada at risk from a mysterious Chinese virus related to SARS?</a>",
"<a href=""https://www.hindustantimes.com/cities/first-pneumonia-death-from-mystery-virus-in-china-world-on-high-alert/story-pXkJGlOUOUF9mQMm985pUM.html"">First pneumonia death from mystery virus in China, world on high alert</a>",
"<a href=""https://bgr.com/2020/01/10/china-virus-pneumonia-illness-outbreak/"">Six more people have come down with China’s mystery virus</a>",
"<a href=""https://en.yna.co.kr/view/AEN20200111001900320"">S. Korea's 'pneumonia-like' illness case unrelated to China outbreaks: KCDC</a>",
"<a href=""https://www.rappler.com/world/regions/asia-pacific/249029-china-reports-first-death-mystery-pneumonia-outbreak"">Second person dies from SARS-linked virus in China</a>",
"<a href=""https://www.news18.com/news/world/china-reports-first-death-from-mysterious-pneumonia-outbreak-7-in-critical-condition-2454899.html"">China Reports First Death from Mysterious Pneumonia Outbreak; 7 in Critical Condition</a>",
"<a href=""https://www.chroniclelive.co.uk/news/world-news/mystery-chinese-virus-what-know-17550540"">Mystery Chinese virus: what do we know about it and how worried should we be?</a>",
"<a href=""https://www.pattayamail.com/news/u-tapao-screening-chinese-passengers-for-wuhan-pneumonia-284198"">U-Tapao screening Chinese passengers for Wuhan pneumonia</a>",
"<a href=""https://news.abs-cbn.com/news/01/11/20/explainer-should-filipinos-be-worried-about-the-mysterious-virus-from-china"">EXPLAINER: Should Filipinos be worried about the ‘mysterious virus’ from China?</a>",
"<a href=""https://focustaiwan.tw/society/202001110011"">Bat virus possible cause of pneumonia in Wuhan: CDC</a>",
