"Title ",
"<a href=""https://www.reuters.com/article/us-health-china-virus/china-pneumonia-outbreak-not-spreading-at-present-who-idUSKBN1ZB0LQ"">China pneumonia outbreak not spreading at present: WHO</a>",
"<a href=""https://globalnews.ca/news/6401905/china-virus-outbreak-not-spreading/"">China virus outbreak connected with single seafood market not spreading elsewhere: WHO</a>",
"<a href=""https://www.nst.com.my/world/world/2020/01/555929/residents-chinas-pneumonia-stricken-wuhan-not-taking-precautions"">Residents of China's pneumonia-stricken Wuhan not taking precautions</a>",
"<a href=""https://www.scmp.com/news/china/society/article/3045756/mainland-chinese-authorities-allow-two-taiwan-specialists-visit"">Mainland Chinese authorities to allow two Taiwan specialists to visit Wuhan to gather information on pneumonia outbreak</a>",
"<a href=""https://news.cgtn.com/news/2020-01-12/Experts-6-recovered-no-second-death-from-new-pneumonia-virus-Ncr33F2jGE/index.html"">Local authority: 6 recovered, no new cases from new pneumonia virus</a>",
"<a href=""https://mothership.sg/2020/01/wuhan-residents-pneumonia-outbreak/"">Wuhan residents not worried about possibly SARS-related pneumonia outbreak</a>",
