"Title ",
"<a href=""https://www.statnews.com/2020/01/13/woman-with-novel-pneumonia-virus-hospitalized-in-thailand-the-first-case-outside-china/"">Woman with novel pneumonia virus hospitalized in Thailand — the first case outside China</a>",
"<a href=""http://theconversation.com/mystery-china-pneumonia-outbreak-likely-caused-by-new-human-coronavirus-129729"">Mystery China pneumonia outbreak likely caused by new human coronavirus</a>",
"<a href=""https://www.the-scientist.com/news-opinion/one-dead-in-pneumonia-outbreak-from-new-coronavirus-in-china-66964"">One Dead in Pneumonia Outbreak from New Coronavirus in China</a>",
"<a href=""https://www.todayonline.com/world/wuhan-pneumonia-thailand-confirms-first-case-virus-outside-china"">Wuhan pneumonia: Thailand confirms first case of virus outside China</a>",
"<a href=""https://www.bloomberg.com/news/articles/2020-01-14/wuhan-doctors-tried-to-save-pneumonia-patient-with-life-support"">61-Year-Old Patient Is First to Die in Wuhan Pneumonia Outbreak</a>",
"<a href=""https://abcnews.go.com/Health/case-mystery-virus-identified-china/story?id=68245274"">First case of new mystery virus identified outside of China</a>",
"<a href=""https://www.reuters.com/article/us-china-health-pneumonia-thailand/chinese-woman-with-mystery-virus-quarantined-in-thailand-idUSKBN1ZC0ZF"">Chinese woman with mystery virus quarantined in Thailand</a>",
"<a href=""https://www.wired.com/story/chinas-swift-id-of-a-new-virus-is-a-win-for-public-health/"">China's Swift ID of a New Virus Is a Win for Public Health</a>",
"<a href=""https://www.axios.com/china-virus-wuhan-thailand-af2157c8-94f6-457d-b323-ed81d62d05c3.html"">China virus kills one and spreads to Thailand, but U.S. threat remains minimal</a>",
