"Title ",
"<a href=""https://www.bbc.com/news/world-asia-china-51108726"">Wuhan pneumonia outbreak: First case reported outside China</a>",
"<a href=""https://foreignpolicy.com/2020/01/14/china-response-wuhan-pneumonia-better-sars/"">China Deserves Some Credit for Its Handling of the Wuhan Pneumonia</a>",
"<a href=""https://www.reuters.com/article/us-china-health-pneumonia-usa/u-s-warns-citizens-in-china-against-pneumonia-outbreak-idUSKBN1ZE0NM"">U.S. warns citizens in China about pneumonia outbreak</a>",
"<a href=""https://www.nationalobserver.com/2020/01/14/news/new-pneumonia-china-not-likely-high-risk-canada"">New pneumonia in China not likely high risk for Canada</a>",
"<a href=""https://www.reuters.com/article/us-china-health-pneumonia-who/who-says-new-china-coronavirus-could-spread-warns-hospitals-worldwide-idUSKBN1ZD16J"">WHO says new China coronavirus could spread, warns hospitals worldwide</a>",
"<a href=""https://www.sciencemag.org/news/2020/01/world-alert-potential-spread-new-sars-virus-found-china"">World on alert for potential spread of new SARS-like virus found in China</a>",
"<a href=""https://thediplomat.com/2020/01/confirmed-china-visitor-to-thailand-infected-with-new-coronavirus-strain/"">Confirmed: China Visitor to Thailand Infected with New Coronavirus Strain</a>",
