"Title ",
"<a href=""https://www.medicinenet.com/script/main/art.asp?articlekey=227412"">Mystery Chinese Pneumonia Virus Identified, Gene-Sequenced</a>",
"<a href=""https://www.livescience.com/new-coronavirus-china-spread.html"">New SARS-Like Virus in China May Spread Between People in Limited Cases</a>",
"<a href=""https://e.vnexpress.net/news/news/two-chinese-quarantined-in-da-nang-amid-pneumonia-fears-4042708.html"">Two Chinese quarantined in Da Nang amid pneumonia fears</a>",
"<a href=""https://www.cbc.ca/news/health/coronavirus-china-pneumonia-1.5427864"">U.S. warns its citizens in China about mystery pneumonia outbreak</a>",
"<a href=""https://m.gulf-times.com/story/653382/US-warns-citizens-in-China-against-pneumonia-outbreak"">US warns citizens in China against pneumonia outbreak</a>",
"<a href=""https://www.bloomberg.com/news/articles/2020-01-16/vietnam-isolates-2-chinese-visitors-with-fevers-in-danang"">Vietnam Isolates Two Chinese Visitors With Fevers in Danang</a>",
"<a href=""https://www.aljazeera.com/news/2020/01/japan-confirms-case-coronavirus-infection-200116012730381.html"">Japan confirms first case of coronavirus infection</a>",
"<a href=""https://www.cfr.org/in-brief/why-experts-are-worried-about-chinas-coronavirus"">Why Experts Are Worried About China’s Coronavirus</a>",
"<a href=""http://www.cidrap.umn.edu/news-perspective/2020/01/second-family-cluster-found-wuhan-novel-coronavirus-outbreak"">Second family cluster found in Wuhan novel coronavirus outbreak</a>",
