"Title ",
"<a href=""https://www.devex.com/news/after-thailand-japan-confirms-imported-case-of-new-coronavirus-96376"">After Thailand, Japan confirms imported case of new coronavirus</a>",
"<a href=""https://www.sciencealert.com/japan-reports-case-of-mystery-virus-behind-china-outbreak"">China's Mystery Virus Has Now Been Confirmed in Japan</a>",
"<a href=""https://www.reuters.com/article/us-china-health-pneumonia-thailand/thailand-finds-second-case-of-new-chinese-virus-says-no-outbreak-idUSKBN1ZG0FG"">Thailand finds second case of new Chinese virus, says no outbreak</a>",
"<a href=""https://www.aljazeera.com/news/2020/01/person-dies-mystery-wuhan-virus-china-official-200117011331704.html"">Second person dies from mystery Wuhan virus in China: official</a>",
"<a href=""https://edition.cnn.com/2020/01/16/business/us-china-phase-1-trade-deal-details/index.html"">China just agreed to buy $200 billion worth of US products</a>",
"<a href=""https://www.bbc.com/news/world-asia-china-51141007"">'Sars-family' virus claims second victim in China</a>",
"<a href=""https://globalnews.ca/news/6421476/china-virus-diagnostic-test-germany/"">1st diagnostic test developed for new virus that emerged in China</a>",
"<a href=""https://www.statnews.com/2020/01/16/health-authorities-confirm-novel-virus-case-tied-to-chinese-outbreak-in-japan/"">Novel virus tied to Chinese outbreak found in Japan, as second death is reported</a>",
"<a href=""https://www.reuters.com/article/us-china-swinefever-disease-insight/disease-that-killed-millions-of-chinas-pigs-poses-global-threat-idUSKBN1ZF1FP"">Disease that killed millions of China's pigs poses global threat</a>",
"<a href=""http://www.cidrap.umn.edu/news-perspective/2020/01/japan-has-1st-novel-coronavirus-case-china-reports-another-death"">Japan has 1st novel coronavirus case; China reports another death</a>",
"<a href=""https://www.eurekalert.org/pub_releases/2020-01/c-ub-rdf011620.php"">Researchers develop first diagnostic test for novel coronavirus in China</a>",
"<a href=""https://www.voanews.com/east-asia-pacific/japan-confirms-case-coronavirus-behind-outbreak-china"">Japan Confirms Case of Coronavirus Behind Outbreak in China</a>",
"<a href=""https://www.bloomberg.com/news/articles/2020-01-16/sars-like-virus-claims-second-life-as-pneumonia-outbreak-widens"">SARS-Like Virus Claims Second Life in China as Pneumonia Outbreak Widens</a>",
"<a href=""https://www.rte.ie/news/world/2020/0116/1107784-china-flu/"">China believes new virus behind mystery pneumonia outbreak</a>",
"<a href=""https://www.telegraph.co.uk/global-health/science-and-disease/new-virus-spreads-japan-man-falls-return-china/"">Second patient dies as mystery virus spreads to Japan</a>",
