"Title ",
"<a href=""https://edition.cnn.com/2020/01/17/health/wuhan-virus-us-airport-screenings-china-bn/index.html"">CDC to screen at three US airports for signs of new virus from China</a>",
"<a href=""https://www.livescience.com/new-coronavirus-us-airport-screening.html"">US Officials Will Screen Travelers from China for New Virus</a>",
"<a href=""https://www.theguardian.com/world/2020/jan/17/corona-second-death-in-china-after-sars-like-outbreak"">Coronavirus: more cases and second death reported in China</a>",
"<a href=""https://www.medicalnewstoday.com/articles/327520"">New SARS-like virus may be spreading outside China</a>",
"<a href=""https://nypost.com/2020/01/17/jfk-will-screen-passengers-for-deadly-new-virus-from-china/"">JFK will screen passengers for deadly new virus from China</a>",
"<a href=""https://www.nytimes.com/2020/01/17/health/china-coronavirus-airport-screening.html"">Three U.S. Airports to Check Passengers for a Deadly Chinese Coronavirus</a>",
"<a href=""https://www.reuters.com/article/us-china-health-pneumonia/china-reports-new-virus-cases-raising-concern-globally-before-key-holiday-idUSKBN1ZH020"">China reports new virus cases, raising concern globally before key holiday</a>",
"<a href=""https://abcnews.go.com/Health/wireStory/us-screen-airline-passengers-china-illness-68358360"">US to screen airline passengers from China for new illness</a>",
"<a href=""https://www.pbs.org/newshour/world/china-reports-2nd-death-from-virus-behind-pneumonia-outbreak"">China reports 2nd death from virus behind pneumonia outbreak</a>",
"<a href=""https://www.nst.com.my/world/world/2020/01/557451/singapore-isolates-3rd-person-who-developed-pneumonia-after-visiting"">Singapore isolates 3rd person who developed pneumonia after visiting Wuhan</a>",
"<a href=""https://www.ksat.com/health/2020/01/18/china-reports-4-more-cases-in-viral-pneumonia-outbreak/"">China reports 4 more cases in viral pneumonia outbreak</a>",
