"Title ",
"<a href=""https://abcnews.go.com/Health/wireStory/china-reports-17-cases-viral-pneumonia-outbreak-68381533"">China reports 17 new cases in viral pneumonia outbreak</a>",
"<a href=""https://globalnews.ca/news/6430555/china-pneumonia-outbreak-4-cases/"">Chinese officials identify 4 more cases of viral pneumonia</a>",
"<a href=""https://www.reuters.com/article/us-china-health-pneumonia-factbox/new-coronavirus-outbreak-in-chinese-city-of-wuhan-idUSKBN1ZI04G"">New coronavirus outbreak in Chinese city of Wuhan</a>",
"<a href=""https://www.thejakartapost.com/life/2020/01/18/mystery-china-pneumonia-outbreak-likely-caused-by-new-human-coronavirus.html"">Mystery China pneumonia outbreak likely caused by new human coronavirus</a>",
"<a href=""https://edition.cnn.com/2020/01/18/asia/china-coronavirus-study-intl/index.html"">China's coronavirus cases likely grossly underestimated, study says</a>",
"<a href=""https://www.dw.com/en/china-four-new-cases-of-mysterious-sars-like-virus/a-52052586"">China: Four new cases of mysterious SARS-like virus</a>",
"<a href=""https://www.cnbc.com/2020/01/18/china-reports-number-of-new-sars-like-virus-cases-has-risen.html"">China reports new virus cases, raising concern globally before key holiday</a>",
"<a href=""https://www.scmp.com/news/china/society/article/3046681/china-coronavirus-least-three-suspected-cases-found-shenzhen"">China coronavirus: at least three suspected cases found in Shenzhen, Shanghai, sources say</a>",
"<a href=""https://www.thesun.co.uk/news/10768232/what-is-coronavirus-covid-19-symptoms/"">VIRAL PLAGUE What is coronavirus and how does Covid-19 virus spread?</a>",
"<a href=""https://www.theguardian.com/world/2020/jan/18/coronavirus-what-airport-measures-are-in-place-to-detect-for-sick-passengers"">Coronavirus: what airport measures are in place to detect sick passengers?</a>",
"<a href=""https://www.theguardian.com/australia-news/2020/jan/18/coronavirus-australias-top-health-official-says-there-is-no-current-need-to-enhance-airport-screening"">Coronavirus: Australia's top health official says there is 'no current need' to enhance airport screening</a>",
"<a href=""https://thediplomat.com/2020/01/chinas-media-go-global-but-struggle-with-credibility/"">China’s Media Go Global But Struggle With Credibility</a>",
