"Title ",
"<a href=""https://www.statnews.com/2020/01/19/china-reports-sharp-rise-in-case-of-novel-virus-amid-growing-concerns-of-person-to-person-transmission/"">China reports sharp rise in cases of novel virus amid growing concerns of person-to-person transmission</a>",
"<a href=""https://www.bbc.com/news/health-51168333"">New coronavirus 'preventable and controllable', China says</a>",
"<a href=""https://www.bloomberg.com/news/articles/2020-01-19/china-s-wuhan-city-confirms-17-new-novel-coronavirus-cases"">China Says Virus Outbreak Controllable as Millions Set to Travel</a>",
"<a href=""https://www.reuters.com/article/us-china-health-pneumonia/virus-spreads-to-more-chinese-cities-president-xi-says-containment-is-priority-idUSKBN1ZJ001"">As virus spreads to more Chinese cities, WHO calls emergency meeting</a>",
"<a href=""https://www.thestar.com.my/news/regional/2020/01/19/china-to-step-up-countermeasures-for-virus-outbreak"">China to step up countermeasures for virus outbreak</a>",
"<a href=""https://www.cnbc.com/2020/01/20/coronavirus-china-confirms-new-cases-as-virus-spreads-to-new-cities.html"">China confirms 139 new cases of pneumonia over weekend as coronavirus spreads to new cities</a>",
"<a href=""https://www.aljazeera.com/news/2020/01/china-reports-3rd-death-140-cases-coronavirus-200120003807454.html"">China confirms spread of coronavirus, surge in new infections</a>",
"<a href=""https://www.reuters.com/article/us-china-health-pneumonia-south-korea/south-korea-confirms-first-case-of-new-coronavirus-in-chinese-visitor-idUSKBN1ZJ0C4"">South Korea confirms first case of new coronavirus in Chinese visitor</a>",
"<a href=""https://www.businessinsider.com/new-patients-china-deadly-pneumonia-virus-2020-1"">17 more cases of a mysterious and deadly virus have been detected in China</a>",
"<a href=""https://www.pressherald.com/2020/01/19/china-reports-17-new-cases-in-viral-pneumonia-outbreak/"">China reports 17 new cases in viral pneumonia outbreak</a>",
"<a href=""https://www1.cbn.com/cbnnews/world/2020/january/china-reports-2nd-death-from-virus-behind-pneumonia-outbreak"">China Reports 2nd Death From Virus Behind Pneumonia Outbreak</a>",
"<a href=""https://qz.com/1787720/chinas-coronavirus-has-spread-to-more-cities/"">China’s mysterious coronavirus has spread to six cities in four countries</a>",
"<a href=""https://www.reuters.com/article/us-china-health-pneumonia/as-virus-spreads-to-more-chinese-cities-who-calls-emergency-meeting-idUSKBN1ZJ001"">As virus spreads to more Chinese cities, WHO calls emergency meeting</a>",
"<a href=""https://www.bloomberg.com/news/videos/2020-01-20/who-regional-director-on-pneumonia-outbreak-in-china-video"">WHO Regional Director on Pneumonia Outbreak in China</a>",
