"Title ",
"<a href=""https://www.straitstimes.com/singapore/health/moh-steps-up-measures-against-wuhan-virus-as-cny-approaches"">Wuhan virus: Singapore expands temperature screening to all travellers arriving from China</a>",
"<a href=""https://time.com/5768230/wuhan-pneumonia-flu-crisis-china-government/"">The Wuhan Pneumonia Crisis Highlights the Danger in China's Opaque Way of Doing Things</a>",
"<a href=""https://www.irishnews.com/news/worldnews/2020/01/20/news/china-pneumonia-virus-spreads-as-infection-rates-increase-1818995/"">China pneumonia virus spreads as infection rates increase</a>",
"<a href=""https://www.wsj.com/articles/china-coronavirus-kills-third-person-spreads-to-more-cities-11579494221"">Coronavirus Spreads Across China as Confirmed Cases Triple</a>",
"<a href=""https://www.huffingtonpost.ca/entry/coronavirus-canada-wuhan_ca_5e2641ecc5b673621f7a9355?guccounter=1&guce_referrer=aHR0cHM6Ly93d3cuZ29vZ2xlLmNvbS8&guce_referrer_sig=AQAAACxE7i4J0B-77wGIVkI6OAK80R1pnsm0oCctJ2IxN6eaxX7ZBWuRz0lPwi1O0rChm-2KFIgr6WkirpdPkMofIIJeTkjcjLaRKWOi4KPuNMgjsYS-EzwWqUjfSed6Z-D0vIZdiBxI6u6RAnjJdhZLoUh_obMYAvjwcOO7CA8VdgTG"">Coronavirus Ruled Out In 3 Canadian Cases Of Viral Pneumonia</a>",
"<a href=""https://www.scmp.com/business/markets/article/3046850/new-wuhan-pneumonia-cases-fail-dampen-china-markets-hong-kong"">New Wuhan pneumonia cases fail to dampen China markets, but Hong Kong stocks decline on pre-holiday profit taking</a>",
"<a href=""http://www.china.org.cn/china/2020-01/20/content_75631720.htm"">Beijing, Guangdong reports pneumonia cases, Wuhan confirms 3rd death</a>",
"<a href=""https://ottawasun.com/news/world/chinese-coronavirus-claims-sixth-victim-as-holiday-travel-stokes-risk/wcm/979d27a5-f72c-464d-bd54-646dcd76fedf"">Chinese coronavirus claims sixth victim as holiday travel stokes risk</a>",
"<a href=""https://www.bbc.com/news/world-asia-china-51171035"">New China virus: Cases triple as infection spreads to Beijing and Shanghai</a>",
"<a href=""https://www.theguardian.com/world/2020/jan/20/coronavirus-spreads-to-beijing-as-china-confirms-new-cases"">China confirms human-to-human transmission of coronavirus</a>",
"<a href=""https://qz.com/1787789/wuhan-pneumonia-what-we-know-about-the-coronavirus-outbreak/"">What we know about China’s coronavirus outbreak</a>",
"<a href=""https://www.aljazeera.com/news/2020/01/china-confirms-human-human-transmission-coronavirus-200120162507948.html"">China confirms human-to-human transmission of new coronavirus</a>",
"<a href=""https://www.bmj.com/content/368/bmj.m236"">China coronavirus: cases surge as official admits human to human transmission</a>",
"<a href=""https://www.sciencemag.org/news/2020/01/china-reports-more-200-infections-new-coronavirus-wuhan"">China reports more than 200 infections with new coronavirus from Wuhan</a>",
"<a href=""https://www.cnbc.com/2020/01/21/china-coronavirus-human-to-human-transmission-confirmed.html"">China confirms coronavirus can pass person-to-person as fourth death reported</a>",
"<a href=""https://www.nytimes.com/2020/01/20/world/asia/coronavirus-china-symptoms.html"">China Confirms New Coronavirus Spreads From Humans to Humans</a>",
"<a href=""https://edition.cnn.com/2020/01/20/health/coronavirus-nih-vaccine-development/index.html"">Vaccine for new Chinese coronavirus in the works</a>",
"<a href=""https://www.voanews.com/east-asia-pacific/chinas-xi-says-coronavirus-outbreak-must-be-taken-seriously"">China's Xi Says Coronavirus Outbreak Must Be Taken Seriously</a>",
"<a href=""https://www.ctvnews.ca/health/canadian-health-chief-i-don-t-think-there-s-any-reason-for-us-to-panic-over-coronavirus-1.4775957"">Canadian health chief: 'I don't think there's any reason for us to panic' over coronavirus</a>",
