"Title ",
"<a href=""https://www.smh.com.au/world/asia/what-is-coronavirus-and-how-worried-should-we-be-20200121-p53t9d.html"">What is a coronavirus and how worried should we be?</a>",
"<a href=""https://www.gmanetwork.com/news/news/nation/723038/naia-on-alert-vs-coronavirus-as-thermal-scanners-installed-at-airport/story/"">NAIA on alert vs coronavirus as thermal scanners installed at airport</a>",
"<a href=""https://elemental.medium.com/should-i-worry-about-the-deadly-wuhan-coronavirus-b8660d63fee2"">Should You Worry About the Deadly Wuhan Coronavirus?</a>",
"<a href=""https://edition.cnn.com/2020/01/21/health/wuhan-coronavirus-first-us-case-cdc-bn/index.html"">First US case of Wuhan coronavirus confirmed by CDC</a>",
"<a href=""https://news.un.org/en/story/2020/01/1055661"">UN health agency to gauge global threat, as China confirms coronavirus transmission between humans</a>",
"<a href=""https://www.bbc.com/news/world-asia-51194651"">New China virus: US announces first case</a>",
"<a href=""https://www.theguardian.com/society/2020/jan/21/coronavirus-us-cdc-case-china-health"">Coronavirus: health officials announce first known US case</a>",
"<a href=""https://www.nytimes.com/2020/01/21/world/asia/china-coronavirus-wuhan.html"">The Test a Deadly Coronavirus Outbreak Poses to China’s Leadership</a>",
"<a href=""https://www.nationalgeographic.com/science/2020/01/new-coronavirus-spreading-between-humans-how-it-started/"">New coronavirus can spread between humans—but it started in a wildlife market</a>",
"<a href=""https://www.theguardian.com/world/2020/jan/21/coronavirus-chinese-hospitals-not-testing-patients-say-relatives"">Coronavirus: Chinese hospitals not testing patients, say relatives</a>",
"<a href=""https://www.aljazeera.com/news/2020/01/china-confirms-fourth-death-coronavirus-infection-spreads-200121032450865.html"">Asia steps up defences as China confirms sixth coronavirus death</a>",
"<a href=""https://www.businessinsider.com/china-virus-wuhan-outbreak-medics-scan-plane-passengers-2020-1"">A video of medics in hazmat suits scanning plane passengers for China's mysterious Wuhan coronavirus is stoking fears of a pandemic</a>",
"<a href=""https://www.bbc.com/news/world-asia-china-51185836"">New China virus: Warning against cover-up as number of cases jumps</a>",
"<a href=""https://www.cnbc.com/2020/01/21/china-coronavirus-what-you-need-to-know-about-the-outbreak-from-wuhan.html"">China’s coronavirus has killed 9, can spread between people. Here’s what we know</a>",
"<a href=""https://www.nytimes.com/2020/01/21/world/asia/coronavirus-china-north-korea-tourism-ban.html"">North Korea Bans Foreign Tourists Over Coronavirus, Tour Operator Says</a>",
"<a href=""https://www.npr.org/2020/01/21/798252815/judging-the-potential-threat-of-the-wuhan-coronavirus"">Judging The Potential Threat Of The Wuhan Coronavirus</a>",
"<a href=""https://www.newscientist.com/article/2230724-sixth-person-dies-as-wuhan-coronavirus-spreads-between-people/"">Sixth person dies as Wuhan coronavirus spreads between people</a>",
"<a href=""https://www.npr.org/2020/01/21/798088813/coronavirus-in-china-spreads-by-human-to-human-transmission"">Coronavirus In China Spreads By Human-To-Human Transmission</a>",
