"Title ",
"<a href=""https://www.cnbc.com/2020/01/22/davos-2020-business-leaders-worried-about-coronavirus-from-china.html"">Business leaders in Davos privately express concerns about China’s coronavirus outbreak</a>",
"<a href=""https://foreignpolicy.com/2020/01/22/wuhan-coronavirus-china-global-emergency-pneumonia-world-health-organization-who/"">WHO Could Declare Wuhan Coronavirus a Global Emergency</a>",
"<a href=""https://www.ecdc.europa.eu/en/publications-data/risk-assessment-outbreak-acute-respiratory-syndrome-associated-novel-coronavirus"">Risk assessment: Outbreak of acute respiratory syndrome associated with a novel coronavirus, Wuhan, China; first update</a>",
"<a href=""https://edition.cnn.com/2020/01/22/asia/china-wuhan-coronavirus-deadly-intl-hnk/index.html"">Wuhan coronavirus death toll rises, as city imposes transport lockdown</a>",
"<a href=""http://www.globaltimes.cn/content/1177737.shtml"">Real-time update on coronavirus outbreak</a>",
"<a href=""https://edition.cnn.com/2020/01/22/asia/wuhan-ground-zero-intl-hnk/index.html"">Life inside ground zero of Wuhan coronavirus outbreak</a>",
"<a href=""https://www.scientificamerican.com/article/snakes-could-be-the-original-source-of-the-new-coronavirus-outbreak-in-china/"">Snakes Could Be the Original Source of the New Coronavirus Outbreak in China</a>",
"<a href=""https://www.inverse.com/mind-body/wuhan-flu-how-to-protect-from-mystery-coronavirus"">COVID-19: WHAT SCIENTISTS KNOW ABOUT THE NEW CORONAVIRUS SO FAR</a>",
"<a href=""https://www.theguardian.com/science/2020/jan/23/coronavirus-timeline-from-wuhan-to-washington-state"">Coronavirus timeline: from Wuhan to Washington state</a>",
"<a href=""https://theconversation.com/should-we-be-worried-about-the-new-wuhan-coronavirus-130366"">Should we be worried about the new Wuhan coronavirus?</a>",
"<a href=""https://www.cnbc.com/2020/01/22/who-postpones-decision-declaring-china-coronavirus-a-global-health-emergency.html"">WHO postpones decision on declaring China coronavirus a global health emergency</a>",
"<a href=""https://www.nytimes.com/2020/01/22/health/china-virus.html"">https://www.cnbc.com/2020/01/22/who-postpones-decision-declaring-china-coronavirus-a-global-health-emergency.html</a>",
"<a href=""https://www.bbc.com/news/world-asia-china-51202000"">Coronavirus: China advises against travel to Wuhan as deaths surge</a>",
"<a href=""https://www.wsj.com/articles/the-dark-business-of-coronavirus-11579690108"">The Dark Business of Coronavirus</a>",
"<a href=""https://www.bmj.com/content/368/bmj.m265"">Coronavirus: UK screens direct flights from Wuhan after US case</a>",
"<a href=""https://www.cnbc.com/2020/01/22/watch-who-officials-hold-news-conference-on-the-coronavirus-outbreak.html"">https://www.bmj.com/content/368/bmj.m265</a>",
