"Title ",
"<a href=""https://www.bbc.com/news/world-asia-china-51217455"">China coronavirus: Lockdown measures rise across Hubei province</a>",
"<a href=""https://www.vice.com/en_us/article/4agxqm/exactly-how-new-coronavirus-affects-body-china-pneumonia"">Here’s Exactly How the New Coronavirus Affects Your Body</a>",
"<a href=""https://www.theguardian.com/world/2020/jan/23/coronavirus-panic-and-anger-in-wuhan-as-china-orders-city-into-lockdown"">Coronavirus: panic and anger in Wuhan as China orders city into lockdown</a>",
"<a href=""https://www.nytimes.com/2020/01/23/world/asia/wuhan-coronavirus.html"">Wuhan Beyond the Coronavirus: Steel, Cars and Spicy Noodles</a>",
"<a href=""https://www.wsj.com/articles/spreading-coronavirus-forces-lockdown-of-another-chinese-city-11579774393"">Spreading Coronavirus Prompts Lockdown of More Chinese Cities</a>",
"<a href=""https://www.ft.com/content/1434a7ae-3d92-11ea-b232-000f4477fbca"">Alarm spreads over coronavirus as China extends travel curbs</a>",
"<a href=""https://www.technologyreview.com/f/615087/virus-in-chinese-outbreak-is-closest-to-one-from-bats-not-snakes/"">Virus in Chinese outbreak is closest to one from bats, not snakes</a>",
"<a href=""https://www.bbc.com/news/world-asia-china-51222384"">Coronavirus doctor: 'Everyone is stuck here and can't leave'</a>",
"<a href=""https://www.nytimes.com/2020/01/25/world/asia/china-coronavirus-photos.html"">China’s Battle With a Deadly Coronavirus, in Photos</a>",
"<a href=""https://www.theverge.com/2020/1/23/21078457/coronavirus-outbreak-china-wuhan-quarantine-who-sars-cdc-symptoms-risk"">Everything you need to know about the coronavirus</a>",
"<a href=""https://www.cnbc.com/2020/01/23/china-coronavirus-cases-rise-to-634-as-singapore-confirms-first-infection.html"">Coronavirus cases rise to more than 800 worldwide as China confirms death toll has risen to 25</a>",
"<a href=""https://www.theguardian.com/world/2020/jan/23/coronavirus-panic-spreads-in-china-with-three-cities-in-lockdown"">China virus: ten cities locked down and Beijing festivities scrapped</a>",
"<a href=""https://news.un.org/en/story/2020/01/1055891"">Coronavirus: ‘An emergency in China, but not yet a global health emergency’</a>",
"<a href=""https://edition.cnn.com/2020/01/23/health/wuhan-virus-super-spreader/index.html"">Disease detectives hunting down more information about 'super spreader' of Wuhan coronavirus</a>",
"<a href=""https://www.bbc.com/news/business-51202519"">Coronavirus: Taobao warns firms not to profit from outbreak</a>",
"<a href=""https://factcheck.afp.com/saline-solution-kills-china-coronavirus-experts-refute-online-rumour"">Saline solution kills China coronavirus? Experts refute online rumour</a>",
"<a href=""https://www.nytimes.com/2020/01/23/health/coronavirus-surgical-masks.html"">Many in China Wear Them, but Do Masks Block Coronavirus?</a>",
"<a href=""https://eu.tennessean.com/story/news/health/2020/01/23/coronavirus-tennessee-tech-student-test-department-of-health-precaution-cookeville/4560596002/"">Coronavirus: Tennessee Tech student tested negative for deadly virus</a>",
"<a href=""https://www.ft.com/content/c913e435-02d2-47d8-bf0d-3992c79031a2"">Coronavirus and EM equities — what are the risks for investors?</a>",
"<a href=""https://www.the-scientist.com/news-opinion/scientist-scrutinize-new-coronavirus-genome-for-answers-67006"">Scientists Scrutinize New Coronavirus Genome for Answers</a>",
"<a href=""https://www.sciencedaily.com/releases/2020/01/200123170723.htm"">Novel Coronavirus that recently emerged in China</a>",
"<a href=""https://www.fool.com/investing/2020/01/23/gilead-considering-ebola-drug-as-potential-coronav.aspx"">Gilead Considering Ebola Drug as Potential Coronavirus Treatment</a>",
"<a href=""https://www.theguardian.com/science/2020/jan/23/who-urges-global-unity-in-fight-against-china-coronavirus-outbreak"">WHO urges global unity in fight against coronavirus outbreak</a>",
"<a href=""https://www.nytimes.com/2020/01/23/briefing/wuhan-coronavirus-australia-fires-myanmar.html"">Wuhan Coronavirus, Australia Firefighters, Myanmar Ruling: Your Friday Briefing</a>",
"<a href=""https://www.sciencenewsforstudents.org/article/explainer-what-is-a-coronavirus"">Explainer: What is a coronavirus?</a>",
"<a href=""https://www.bbc.com/news/technology-51222796"">Killer plague game tops charts amid coronavirus</a>",
"<a href=""https://www.bangkokpost.com/world/1842104/why-wild-animals-are-a-key-ingredient-in-chinas-coronavirus-outbreak%22While"">Why wild animals are a key ingredient in China's coronavirus outbreak</a>",
"<a href=""https://www.theguardian.com/world/2020/jan/24/chinese-state-media-downplays-coronavirus-as-xi-strikes-positive-tone"">  This article is more than 2 months old Chinese state media downplays coronavirus as Xi strikes positive tone</a>",
"<a href=""https://www.theguardian.com/science/video/2020/jan/24/china-steps-up-coronavirus-clampdown-as-chaos-hits-hospitals-video"">China steps up coronavirus clampdown as chaos hits hospitals - video</a>",
"<a href=""https://www.theguardian.com/science/video/2020/jan/23/the-coronavirus-what-you-need-to-know-video-explainer"">Coronavirus: what you need to know – video explainer</a>",
"<a href=""https://edition.cnn.com/asia/live-news/coronavirus-outbreak-intl-hnk/index.html"">January 23 coronavirus news</a>",
