"Title ",
"<a href=""https://www.npr.org/sections/goatsandsoda/2020/01/24/798661901/wuhan-coronavirus-101-what-we-do-and-dont-know-about-a-newly-identified-disease"">Coronavirus 101: What We Do — And Don't — Know About The Outbreak Of COVID-19</a>",
"<a href=""https://www.bbc.com/news/world-asia-china-51230011"">China coronavirus: Death toll rises as more cities restrict travel</a>",
"<a href=""https://www.dw.com/en/china-extends-lockdown-on-millions-in-coronavirus-outbreak/a-52131828"">China extends lockdown on millions in coronavirus outbreak</a>",
"<a href=""https://www.theguardian.com/science/2020/jan/24/what-we-know-so-far-about-the-coronavirus-outbreak"">What we know so far about the coronavirus outbreak</a>",
"<a href=""https://time.com/5770904/wuhan-coronavirus-wild-animals/"">The West Blames the Wuhan Coronavirus on China’s Love of Eating Wild Animals. The Truth Is More Complex</a>",
"<a href=""https://edition.cnn.com/2020/01/24/china/wuhan-coronavirus-update-intl-hnk/index.html"">Coronavirus death toll in China hits 41 as medical staff struggle to cope</a>",
"<a href=""https://www.statnews.com/2020/01/24/coronavirus-infections-no-symptoms-lancet-studies/"">New coronavirus can cause infections with no symptoms and sicken otherwise healthy people, studies show</a>",
"<a href=""https://chicago.cbslocal.com/2020/01/24/first-case-of-coronavirus-confirmed-in-chicago/"">Coronavirus Confirmed In Chicago; Woman In Her 60s Being Treated For Symptoms</a>",
"<a href=""https://www.factcheck.org/2020/01/social-media-posts-spread-bogus-coronavirus-conspiracy-theory/"">Social Media Posts Spread Bogus Coronavirus Conspiracy Theory</a>",
"<a href=""https://www.theguardian.com/science/2020/jan/24/coronavirus-shakes-citizens-faith-in-chinese-government"">Coronavirus shakes citizens' faith in Chinese government</a>",
"<a href=""https://www.aljazeera.com/news/2020/01/china-expands-coronavirus-outbreak-lockdown-fast-tracks-hospital-200124201635848.html"">China expands coronavirus outbreak lockdown to 56 million people</a>",
"<a href=""https://www.cnbc.com/2020/01/24/cdc-confirms-second-us-case-of-coronavirus-chicago-resident-diagnosed.html"">CDC confirms second US case of coronavirus and is monitoring dozens of other potential cases</a>",
"<a href=""https://edition.cnn.com/2020/01/24/opinions/wuhan-coronavirus-china-strategy-garrett/index.html"">What it will take to stop the Wuhan coronavirus</a>",
"<a href=""https://www.cnbc.com/2020/01/24/chinas-hubei-province-confirms-15-more-deaths-due-to-coronavirus.html"">China virus death toll rises to 41, more than 1,300 infected worldwide</a>",
"<a href=""https://www.theguardian.com/science/2020/jan/24/lessons-from-sars-outbreak-help-in-race-for-coronavirus-vaccine"">Lessons from Sars outbreak help in race for coronavirus vaccine</a>",
"<a href=""https://time.com/5770924/wuhan-coronavirus-youngest-death/"">A 36-Year-Old Man Is the Youngest Fatality of the Wuhan Coronavirus Outbreak So Far</a>",
"<a href=""https://www.peta.org/blog/coronavirus-go-vegan-now/"">PETA’s Answer to Fears Over New Coronavirus—Go Vegan Right Now</a>",
"<a href=""https://www.reuters.com/article/us-china-health-nepal/nepal-confirms-first-case-of-new-coronavirus-idUSKBN1ZN1S2"">Nepal confirms first case of new coronavirus</a>",
"<a href=""https://www.nytimes.com/2020/01/24/world/asia/china-social-media-coronavirus.html"">Panic and Criticism Spread on Chinese Social Media Over Coronavirus</a>",
"<a href=""https://www.theguardian.com/games/2020/jan/24/pandemic-game-plague-inc-climbs-charts-after-coronavirus-outbreak"">Pandemic game Plague Inc climbs charts after coronavirus outbreak</a>",
"<a href=""https://www.france24.com/en/20200124-france-confirms-first-two-cases-of-wuhan-coronavirus-china-bordeaux-paris"">France confirms first three cases of Wuhan coronavirus in Europe</a>",
"<a href=""https://www.theverge.com/2020/1/24/21080628/coronavirus-risk-anxiety-how-to-cope-strategies-news-china-wuhan"">If you’re feeling nervous about the coronavirus, you’re not alone</a>",
"<a href=""https://factcheck.afp.com/coronavirus-plaguing-china-was-not-created-us-government-agency"">The coronavirus plaguing China was not created by a US government agency</a>",
"<a href=""https://www.theguardian.com/science/2020/jan/24/calls-for-global-ban-wild-animal-markets-amid-coronavirus-outbreak"">Calls for global ban on wild animal markets amid coronavirus outbreak</a>",
"<a href=""https://www.aljazeera.com/news/2020/01/coronavirus-200124184359026.html"">What we know so far about coronavirus</a>",
"<a href=""https://blogs.bmj.com/bmj/2020/01/24/coronavirus-the-psychological-effects-of-quarantining-a-city/"">Coronavirus: The psychological effects of quarantining a city </a>",
