"Title ",
"<a href=""https://www.theguardian.com/science/2020/jan/26/coronavirus-from-food-market-to-global-panic-response-mistakes"">Coronavirus: from one food market to global panic</a>",
"<a href=""https://foreignpolicy.com/2020/01/25/wuhan-coronavirus-safety-china/"">The Coronavirus: How to Stay Safe</a>",
"<a href=""https://www.businessinsider.com/xi-jinping-warned-that-china-spread-of-coronavirus-is-accelerating-2020-1"">Xi Jinping warned of the 'grave situation' created by the 'accelerating' spread of coronavirus</a>",
"<a href=""https://www.japantimes.co.jp/news/2020/01/25/national/japan-confirms-third-case-new-coronavirus/#.Xn3oeIhKiUk"">Japan confirms third case of new coronavirus infection</a>",
"<a href=""https://www.cnbc.com/2020/01/25/xi-orders-centralized-response-to-coronavirus-it-is-our-responsibility-to-prevent-and-control-it.html"">Xi orders centralized response to coronavirus: ‘It is our responsibility to prevent and control it’</a>",
"<a href=""https://www.aljazeera.com/news/2020/01/hubei-cities-fearful-china-virus-medical-supplies-run-200126034425456.html"">Coronavirus: Hubei cities fearful as medical supplies run low</a>",
"<a href=""https://www.wsj.com/articles/u-s-hospitals-arent-ready-for-the-coronavirus-11579975968"">U.S. Hospitals Aren’t Ready for the Coronavirus</a>",
"<a href=""https://nypost.com/2020/01/25/inside-the-horrific-inhumane-animal-markets-behind-pandemics-like-coronavirus/"">Inside the horrific, inhumane animal markets behind pandemics like coronavirus</a>",
"<a href=""https://www.vox.com/2020/1/25/21081400/coronavirus-cases-hong-kong-emergency"">Hong Kong declares a state of emergency in response to five confirmed coronavirus cases</a>",
"<a href=""https://www.npr.org/sections/goatsandsoda/2020/01/25/799007842/coronavirus-faqs-do-masks-help-is-the-disease-really-so-mysterious"">Coronavirus FAQs: Do Masks Help? Is The Disease Really So Mysterious?</a>",
"<a href=""https://eu.usatoday.com/story/news/nation/2020/01/25/china-coronavirus-how-do-you-treat-wuhan-coronavirus/4563385002/"">'Everything now is experimental.' Here's how doctors are treating coronavirus</a>",
"<a href=""https://news.un.org/en/story/2020/01/1056031"">UN health agency: Time is now to 'act as one' in fighting infectious coronavirus</a>",
"<a href=""https://www.france24.com/en/20200125-new-coronavirus-appears-less-serious-than-sars-says-french-doctor"">New coronavirus appears ‘less serious’ than SARS, says French doctor</a>",
"<a href=""https://www.aljazeera.com/programmes/insidestory/2020/01/global-epidemic-200125091659548.html"">Wuhan coronavirus: A new pandemic?</a>",
"<a href=""https://www.nytimes.com/2020/01/25/world/asia/china-markets-coronavirus-sars.html"">China’s Omnivorous Markets Are in the Eye of a Lethal Outbreak Once Again</a>",
"<a href=""https://www.bloomberg.com/news/articles/2020-01-26/china-names-abbvie-s-hiv-drugs-in-treatment-plan-for-new-virus"">China Names HIV Drugs in Treatment Plan for New Virus</a>",
"<a href=""https://www.npr.org/2020/01/25/799584773/coronavirus-outbreak-in-china-accelerates"">Coronavirus Outbreak In China Accelerates</a>",
"<a href=""https://www.bloomberg.com/news/articles/2020-01-25/wuhan-gets-aid-as-singapore-malaysia-report-cases-virus-update"">China Warns Virus Spread Increasing, More Cases: Virus Update</a>",
"<a href=""https://www.reuters.com/article/us-china-health-transmission/coronavirus-contagion-rate-makes-it-hard-to-control-studies-idUSKBN1ZO0QW"">Coronavirus contagion rate makes it hard to control: studies</a>",
"<a href=""https://www.wired.com/story/ai-epidemiologist-wuhan-public-health-warnings/"">An AI Epidemiologist Sent the First Warnings of the Wuhan Virus</a>",
