"Title ",
"<a href=""https://www.bbc.com/news/world-africa-51258014"">Coronavirus: Ivory Coast tests woman for China virus</a>",
"<a href=""https://www.theguardian.com/science/video/2020/jan/26/wuhan-hospitals-under-pressure-china-coronavirus-video"">Wuhan hospitals under pressure as China says coronavirus is getting stronger – video</a>",
"<a href=""https://www.businessinsider.com/coronavirus-can-spread-before-someone-realizes-they-have-it-incubation-2020-1"">The coronavirus can be spread from person to person before someone realizes they even have it, according to the Chinese health minister</a>",
"<a href=""https://www.npr.org/sections/goatsandsoda/2020/01/26/799674474/3rd-u-s-case-of-wuhan-coronavirus-confirmed"">2 New U.S. Cases Of Wuhan Coronavirus Confirmed In California</a>",
"<a href=""https://edition.cnn.com/2020/01/26/health/coronavirus-spread-symptoms-chinese-officials/index.html"">China says coronavirus can spread before symptoms show -- calling into question US containment strategy</a>",
"<a href=""https://www.wsj.com/articles/virus-sparks-soul-searching-over-chinas-wild-animal-trade-11580055290"">Virus Sparks Soul-Searching Over China’s Wild Animal Trade</a>",
"<a href=""https://www.bbc.com/news/uk-51252840"">Coronavirus: Airlift for Britons trapped in China 'under review'</a>",
"<a href=""https://edition.cnn.com/2020/01/26/us/us-citizen-wuhan-coronavirus/index.html"">merican trapped at the epicenter of the coronavirus outbreak says she's angry and scared</a>",
"<a href=""https://www.latimes.com/opinion/story/2020-01-26/new-and-dangerous-coronaviruses-will-keep-emerging-until-we-focus-on-preventing-them"">Op-Ed: This new coronavirus was preventable. But we never seem to learn the lessons of former outbreaks</a>",
"<a href=""https://www.aljazeera.com/news/2020/01/china-battles-coronavirus-outbreak-latest-updates-200125233944134.html"">China battles coronavirus outbreak: All the latest updates</a>",
"<a href=""https://www.cnbc.com/2020/01/26/third-us-case-of-coronavirus-confirmed-in-california-health-officials-say.html"">Fifth US case of coronavirus confirmed in Arizona, health officials say</a>",
"<a href=""https://www.vox.com/science-and-health/2020/1/26/21082357/coronavirus-outbreak-us-confirmed-cases"">There are now five confirmed US coronavirus cases. Experts say it’s no cause for alarm.</a>",
"<a href=""https://www.theguardian.com/science/2020/jan/27/one-hundred-australian-children-stranded-in-wuhan-as-coronavirus-spreads"">One hundred Australian children stranded in Wuhan as coronavirus spreads</a>",
"<a href=""https://www.economist.com/china/2020/01/26/china-is-imposing-tough-measures-to-contain-the-wuhan-coronavirus"">China is imposing tough measures to contain the Wuhan coronavirus</a>",
"<a href=""https://foreignpolicy.com/2020/01/26/2019-ncov-china-epidemic-pandemic-the-wuhan-coronavirus-a-tentative-clinical-profile/"">How China’s Coronavirus Is Spreading—and How to Stop It</a>",
"<a href=""https://www.statnews.com/2020/01/26/containing-new-coronavirus-may-not-be-feasible-experts-say/"">Containing new coronavirus may not be feasible, experts say, as they warn of possible sustained global spread</a>",
"<a href=""https://www.cnbc.com/2020/01/27/wuhan-coronavirus-china-confirms-more-cases-as-death-toll-rises.html"">More than 2,860 cases of coronavirus in China as death toll hits 81</a>",
"<a href=""https://www.theguardian.com/science/2020/jan/27/coronavirus-how-to-protect-yourself-from-infection"">How to protect yourself from coronavirus infection</a>",
"<a href=""https://www.npr.org/sections/goatsandsoda/2020/01/26/799726161/coronavirus-case-confirmed-in-arizona-bringing-u-s-total-to-5"">Coronavirus Case Confirmed In Arizona, Bringing U.S. Total To 5</a>",
"<a href=""https://www.sciencemag.org/news/2020/01/wuhan-seafood-market-may-not-be-source-novel-virus-spreading-globally"">Wuhan seafood market may not be source of novel virus spreading globally</a>",
"<a href=""https://deadline.com/2020/01/economic-impact-coronavirus-likely-top-40-billion-1202841980/"">Economic Impact Of Coronavirus Will Likely Top $40 Billion, As Theme Parks, Restaurants And Theaters Go Dark</a>",
"<a href=""https://cointelegraph.com/news/crypto-and-blockchain-firms-pitch-in-to-help-coronavirus-victims"">https://cointelegraph.com/news/crypto-and-blockchain-firms-pitch-in-to-help-coronavirus-victims</a>",
"<a href=""https://www.reuters.com/article/us-china-health-abbvie-hiv/china-testing-hiv-drug-as-treatment-for-new-coronavirus-abbvie-says-idUSKBN1ZP0QK"">China testing HIV drug as treatment for new coronavirus, AbbVie says</a>",
"<a href=""https://www.nasdaq.com/articles/the-stock-markets-is-dropping-because-coronavirus-is-spreading-2020-01-26"">The Stock Markets Is Dropping Because Coronavirus Is Spreading</a>",
