"Title ",
"<a href=""https://www.bbc.com/news/world-asia-china-51259649"">Coronavirus: Death toll rises to 82 as China extends holiday</a>",
"<a href=""https://www.reuters.com/article/us-health-china-sri-lanka/sri-lanka-confirms-first-case-of-coronavirus-health-official-idUSKBN1ZQ1WF"">Sri Lanka confirms first case of coronavirus: health official</a>",
"<a href=""https://www.nytimes.com/2020/01/27/nyregion/new-york-city-coronavirus.html"">New York Braces for Coronavirus: ‘It’s Inevitable’</a>",
"<a href=""https://time.com/5772254/wuhan-coronavirus-infections-higher/"">Wuhan Coronavirus Infections Could Be 30 Times Higher Than Official Total, Hong Kong Researchers Warn</a>",
"<a href=""https://www.bloomberg.com/news/articles/2020-01-27/how-to-limit-a-virus-s-spread-labwork-and-isolation-quicktake"">The Coronavirus Fight From Social Distance to Shelter in Place</a>",
"<a href=""https://thediplomat.com/2020/01/wuhan-coronavirus-china-plays-the-blame-game/"">Wuhan Coronavirus: China Plays the Blame Game</a>",
"<a href=""https://www.accuweather.com/en/health-wellness/what-you-need-to-know-about-the-wuhan-coronavirus/669458"">What you need to know about the Wuhan coronavirus</a>",
"<a href=""https://www.project-syndicate.org/commentary/china-coronavirus-three-factors-limit-economic-impact-by-shang-jin-wei-2020-01"">Will the Coronavirus Cause a Major Growth Slowdown in China?</a>",
"<a href=""https://www.ccn.com/scientists-pinpoint-2-causes-behind-chinas-deadly-coronavirus-theyre-both-shocking/"">Scientists Pinpoint 2 Causes Behind China’s Deadly Coronavirus – They’re Both Shocking</a>",
"<a href=""https://www.theguardian.com/science/2020/jan/27/china-coronavirus-who-to-hold-special-meeting-in-beijing-as-death-toll-jumps"">China coronavirus: mayor of Wuhan admits mistakes</a>",
"<a href=""https://www.ccn.com/a-global-recession-is-coming-if-china-fails-to-kill-coronavirus-spread/"">A Global Recession is Coming if China Fails to Kill Coronavirus Spread</a>",
"<a href=""https://spectator.sme.sk/c/22311981/slovakia-to-take-measures-against-the-spread-of-coronavirus.html"">Slovakia to take measures against the spread of coronavirus</a>",
"<a href=""https://www.ccn.com/israeli-analyst-one-coronavirus-conspiracy-theory-less-crazy-than-you-think/"">Israeli Analyst Says One Coronavirus Conspiracy Theory Is Less Crazy Than You Think</a>",
"<a href=""https://www.statnews.com/2020/01/27/bird-flu-sars-china-coronavirus-is-history-repeating-itself/"">Bird flu. SARS. China coronavirus. Is history repeating itself?</a>",
"<a href=""https://www.businessinsider.com/5-million-left-wuhan-before-coronavirus-quarantine-2020-1"">5 million people left Wuhan before China quarantined the city to contain the coronavirus outbreak</a>",
"<a href=""https://iheartdogs.com/can-my-dog-get-coronavirus/"">Can My Dog Get Coronavirus?</a>",
"<a href=""https://www.aljazeera.com/ajimpact/saudi-arabia-calm-oil-market-coronavirus-fears-200127133236911.html"">Saudi Arabia tries to calm oil market over coronavirus fears</a>",
"<a href=""https://eu.usatoday.com/story/news/health/2020/01/27/coronavirus-death-toll-china-wuhan-virus-outbreak-spreads/4586403002/"">Coronavirus: 110 people in 26 states 'under investigation' for disease; 5 U.S. cases so far</a>",
"<a href=""https://www.scientificamerican.com/article/experts-warn-of-possible-sustained-global-spread-of-new-coronavirus/"">Experts Warn of Possible Sustained Global Spread of New Coronavirus</a>",
"<a href=""https://nypost.com/2020/01/27/coronavirus-origin-traced-to-animal-market-in-wuhan-tests-confirm/"">Coronavirus origin traced to animal market in Wuhan, tests confirm</a>",
"<a href=""https://www.theatlantic.com/photo/2020/01/coronavirus-photos-wuhan-under-quarantine/605605/"">Coronavirus: Photos From Wuhan Under Quarantine</a>",
"<a href=""https://www.theverge.com/2020/1/27/21083737/plague-inc-developer-coronavirus-outbreak-game-popularity-china"">Plague Inc. developer reminds players it is just a game amid coronavirus outbreak</a>",
"<a href=""https://edition.cnn.com/2020/01/27/business/oil-prices-coronavirus/index.html"">Oil prices have fallen 10% as coronavirus raises fears for global growth</a>",
