"Title ",
"<a href=""https://www.bbc.com/news/uk-51288672"">Coronavirus: Foreign Office warns against 'all but essential travel' to China</a>",
"<a href=""https://www.sciencenewsforstudents.org/article/the-many-challenges-of-corralling-a-coronavirus-outbreak"">The many challenges of corralling a coronavirus outbreak</a>",
"<a href=""https://www.newyorker.com/news/daily-comment/what-its-like-to-try-to-get-treatment-for-the-coronavirus-in-china"">What It’s Like to Try to Get Treatment for the Coronavirus in China</a>",
"<a href=""https://www.reuters.com/article/us-china-health-australia/australia-scientists-to-share-lab-grown-coronavirus-to-hasten-vaccine-efforts-idUSKBN1ZR2YD"">Australia scientists to share lab-grown coronavirus to hasten vaccine efforts</a>",
"<a href=""https://edition.cnn.com/2020/01/28/asia/wuhan-coronavirus-update-intl-hnk/index.html"">Death toll from Wuhan coronavirus tops 100 as infection rate accelerates</a>",
"<a href=""https://www.dw.com/en/germany-confirms-three-further-cases-of-coronavirus/a-52181064"">Germany confirms three further cases of coronavirus</a>",
"<a href=""https://www.aljazeera.com/news/2020/01/china-coronavirus-outbreak-global-epidemic-200128020033745.html"">Could China's coronavirus outbreak become a global epidemic?</a>",
"<a href=""https://www.businessinsider.com/china-outraged-jyllands-posten-satirical-cartoon-chinese-flag-coronavirus-particles-2020-1"">China demands an apology from a newspaper for a satirical cartoon of a Chinese flag with coronavirus particles</a>",
"<a href=""https://www.nytimes.com/2020/01/28/business/coronavirus-financial-markets.html"">Global Markets Are on Edge as Coronavirus Spreads</a>",
"<a href=""https://www.project-syndicate.org/commentary/coronavirus-disease-of-communist-party-government-by-minxin-pei-2020-01"">The Coronavirus Is a Disease of Chinese Autocracy</a>",
"<a href=""https://www.theartnewspaper.com/news/coronavirus"">Coronavirus crisis: Hong Kong follows China in shutting museums</a>",
"<a href=""https://hbr.org/2020/01/what-will-it-take-to-stop-coronavirus"">What Will It Take to Stop Coronavirus?</a>",
"<a href=""https://balkaninsight.com/2020/01/28/balkan-countries-take-precautions-amid-fear-of-coronavirus/"">Balkan Countries Take Precautions Amid Fear of Coronavirus</a>",
"<a href=""https://asia.nikkei.com/Opinion/The-Nikkei-View/World-must-be-ready-for-long-coronavirus-fight"">World must be ready for long coronavirus fight</a>",
"<a href=""https://www.businessinsider.com/60-percent-americans-dont-trust-congress-contain-wuhan-coronavirus-outbreak-2020-1"">Nearly 60% of Americans say they don't trust Congress to contain a Wuhan coronavirus outbreak, according to new poll</a>",
"<a href=""https://www.iflscience.com/health-and-medicine/live-map-lets-you-see-the-startling-rise-of-the-coronavirus-outbreak/"">Live Map Lets You See The Startling Rise Of The Coronavirus Outbreak</a>",
"<a href=""https://www.nytimes.com/2020/01/28/business/china-coronavirus-communist-party.html"">Coronavirus Crisis Exposes Cracks in China’s Facade of Unity</a>",
"<a href=""https://futurism.com/neoscope/makers-plague-inc-game-get-coronavirus-info-elsewhere"">MAKERS OF “PLAGUE INC.” GAME: GET YOUR CORONAVIRUS INFO ELSEWHERE</a>",
"<a href=""https://www.marketwatch.com/story/airline-stocks-face-substantial-risk-from-coronavirus-but-not-lasting-weakness-analyst-says-2020-01-28"">Airline stocks face 'substantial' risk from coronavirus but not lasting weakness, analyst says</a>",
"<a href=""https://africatimes.com/2020/01/28/africa-cdc-no-confirmed-coronavirus-cases-but-things-we-dont-know/"">Africa CDC: No confirmed coronavirus cases but ‘things we don’t know’</a>",
"<a href=""https://www.scmp.com/news/china/society/article/3047849/china-coronavirus-death-toll-climbs-106-confirmed-cases-surpass"">Wuhan coronavirus: China will contain ‘demon’ outbreak, Xi Jinping says as death toll mounts</a>",
"<a href=""https://www.bloomberg.com/opinion/articles/2020-01-28/china-had-a-doctor-crisis-before-coronavirus-hit-wuhan"">China Had a Doctor Crisis Before Coronavirus Hit</a>",
"<a href=""https://www.webmd.com/lung/news/20200128/can-the-new-coronavirus-be-stopped"">Can the New Coronavirus Be Stopped?</a>",
