"Title ",
"<a href=""https://www.hongkongfp.com/2020/01/02/hong-kong-resident-tests-negative-sars-travelling-mainland-city-amid-pneumonia-outbreak/"">Woman tests negative for SARS after travelling to mainland city amid pneumonia outbreak</a>",
"<a href=""http://www.cidrap.umn.edu/news-perspective/2020/01/no-answers-yet-chinas-pneumonia-outbreak"">No answers yet in China's pneumonia outbreak</a>",
"<a href=""https://www.scmp.com/news/china/society/article/3044367/families-wuhan-pneumonia-patients-say-they-are-being-kept-dark"">Wuhan pneumonia: Hong Kong patients who visited Chinese city no longer showing signs of fever, with two discharged from hospital</a>",
"<a href=""https://www.straitstimes.com/singapore/ministry-of-health-issues-advisory-on-viral-pneumonia-outbreak-in-chinas-wuhan"">Travellers arriving at Changi Airport from Wuhan to undergo temperature screening after pneumonia outbreak</a>",
"<a href=""https://www.todayonline.com/singapore/moh-aware-severe-pneumonia-cases-wuhan-china-doctors-look-out-suspected-cases"">MOH aware of severe pneumonia cases in Wuhan, China; doctors to look out for suspected cases</a>",
"<a href=""https://asiatimes.com/2020/01/hk-woman-isolated-in-hospital-in-pneumonia-alert/"">HK woman isolated in hospital in pneumonia alert</a>",
"<a href=""https://www.upi.com/Top_News/World-News/2020/01/02/Dozens-of-people-sick-in-China-after-mysterious-pneumonia-outbreak/1391577979727/"">Dozens of people sick in China after mysterious pneumonia outbreak</a>",
"<a href=""https://news.cgtn.com/news/2020-01-02/Wuhan-orders-closure-of-seafood-market-due-to-viral-pneumonia-MVw8Fm9Xi0/index.html"">Wuhan orders closure of seafood market due to viral pneumonia</a>",
