"Title ",
"<a href=""https://www.nytimes.com/2020/01/29/opinion/coronavirus-outbreak.html"">Is the World Ready for the Coronavirus?</a>",
"<a href=""https://www.nytimes.com/2020/01/29/world/asia/coronavirus-china.html"">More Than 7,700 Cases of Coronavirus Recorded Worldwide</a>",
"<a href=""https://www.aljazeera.com/news/2020/01/cloneofcloneofchina-battles-coronavirus-outbreak-200129001353421.html"">China battles coronavirus outbreak: All the latest updates</a>",
"<a href=""https://edition.cnn.com/2020/01/29/business/british-airways-coronavirus/index.html"">Airlines around the world are suspending flights to China as the coronavirus spreads</a>",
"<a href=""https://www.sciencedaily.com/releases/2020/01/200129091359.htm"">Potential global spread of new coronavirus</a>",
"<a href=""https://www.businessinsider.com/coronavirus-corona-beer-not-related-google-trends-2020-1"">People seem to think Corona beer is related to the deadly Wuhan coronavirus outbreak, as searches for 'Corona beer virus' are trending</a>",
"<a href=""https://qz.com/1792705/coronavirus-the-engineering-behind-wuhans-rapidly-built-hospitals/"">How China can build a hospital for coronavirus patients in a week</a>",
"<a href=""https://www.cnbc.com/2020/01/29/watch-who-officials-hold-press-conference-on-coronavirus-as-outbreak-worsens.html"">Watch: WHO officials hold press conference on coronavirus as outbreak worsens across globe</a>",
"<a href=""https://yle.fi/uutiset/osasto/news/finlands_first_coronavirus_case_confirmed_in_lapland/11182855"">Finland's first coronavirus case confirmed in Lapland</a>",
"<a href=""https://news.un.org/en/story/2020/01/1056222"">Coronavirus: First case confirmed in Gulf region, more than 6,000 worldwide</a>",
"<a href=""https://www.bbc.com/news/world-europe-51294305"">Coronavirus: French Asians hit back at racism with 'I'm not a virus'</a>",
"<a href=""https://www.medpagetoday.com/infectiousdisease/publichealth/84620"">Ominous Data Emerge About Early Coronavirus Transmission</a>",
"<a href=""https://www.scmp.com/video/hong-kong/3048186/coronavirus-doctor-explains-proper-way-wash-your-hands-and-put-face-mask"">Coronavirus: Doctor explains the proper way to wash your hands and put on a face mask</a>",
"<a href=""https://www.bloomberg.com/news/articles/2020-01-29/putin-summons-officials-to-discuss-measures-against-coronavirus"">Putin Summons Officials To Discuss Measures Against Coronavirus</a>",
"<a href=""https://jakartaglobe.id/news/indonesia-sends-face-masks-money-to-citizens-trapped-by-coronavirus-outbreak-in-china"">Indonesia Sends Face Masks, Money to Citizens Trapped by Coronavirus Outbreak in China</a>",
"<a href=""https://www.factcheck.org/2020/01/new-coronavirus-wasnt-predicted-in-simulation/"">New Coronavirus Wasn’t ‘Predicted’ In Simulation</a>",
"<a href=""https://thehill.com/opinion/finance/480440-the-coronavirus-is-a-big-economic-deal"">The coronavirus is a big economic deal</a>",
"<a href=""https://www.defenseone.com/news/2020/01/the-d-brief-january-29-2020/162724/"">Coronavirus infections pass SARS; Trump’s peace plan; Anti-hypersonic research; Toll rises from Iran missile attack; And a bit more.</a>",
