"Title ",
"<a href=""https://www.cnbc.com/2020/01/30/india-confirms-first-case-of-the-coronavirus.html"">India confirms its first coronavirus case</a>",
"<a href=""https://www.wired.com/story/the-coronavirus-is-now-infecting-more-people-outside-china/"">The Coronavirus Is Now Infecting More People Outside China</a>",
"<a href=""https://www.nytimes.com/2020/01/30/world/asia/china-coronavirus-epidemic.html"">Coronavirus Anger Boils Over in China and Doctors Plead for Supplies</a>",
"<a href=""https://www.livescience.com/who-coronavirus-outbreak-emergency-international-concern.html"">Coronavirus outbreak is 'public health emergency of international concern,' WHO declares</a>",
"<a href=""https://www.cnbc.com/2020/01/30/coronavirus-russia-closes-border-with-china-to-prevent-spread.html"">Russia closes border with China to prevent spread of the coronavirus</a>",
"<a href=""https://www.businessinsider.com/corona-beer-virus-wuhan-no-link-trusts-customers-2020-1"">Corona, the beer company, says it trusts customers not to link its drinks to the deadly Wuhan coronavirus as searches rise for 'corona beer virus'</a>",
"<a href=""https://www.bbc.com/news/health-51299735"">Coronavirus vaccine: Scientists race to develop prevention</a>",
"<a href=""https://www.aljazeera.com/ajimpact/coronavirus-disrupt-india-smartphone-production-200130201710771.html"">Coronavirus may disrupt India's smartphone production</a>",
"<a href=""https://thebulletin.org/2020/01/fake-news-epidemic-coronavirus-breeds-hate-and-disinformation-in-india-and-beyond/"">Fake news epidemic: Coronavirus breeds hate and disinformation in India and beyond</a>",
"<a href=""https://www.bloomberg.com/news/articles/2020-01-30/why-a-virus-in-china-is-the-oil-market-s-worst-nightmare"">Virus in China Threatens Oil Market’s Top Source of Growth</a>",
"<a href=""https://www.schengenvisainfo.com/news/coronavirus-czech-republic-becomes-first-schengen-country-to-stop-granting-visas-in-china/"">Coronavirus: Czech Republic Becomes First Schengen Country to Stop Granting Visas in China</a>",
"<a href=""https://www.reuters.com/article/us-china-health-sentiment/anti-china-sentiment-spreads-abroad-along-with-coronavirus-idUSKBN1ZT1B6"">Anti-China sentiment spreads along with coronavirus</a>",
"<a href=""https://www.insider.com/influencers-are-donning-surgical-masks-and-writing-about-coronavirus-2020-1"">Coronavirus influencers are a thing now. You knew it would happen.</a>",
"<a href=""https://www.aljazeera.com/news/2020/01/diary-wuhan-native-week-coronavirus-quarantine-200131045152448.html"">Diary of a Wuhan native: A week under coronavirus quarantine</a>",
"<a href=""https://www.aljazeera.com/news/2020/01/calls-science-solidarity-coronavirus-200130200603490.html"">WHO calls for science and solidarity over coronavirus</a>",
"<a href=""https://www.fool.com/investing/2020/01/30/two-cruise-stocks-could-suffer-wuhan-coronavirus.aspx"">These Two Cruise Stocks Could Take a Hit From Wuhan Coronavirus</a>",
"<a href=""https://www.thelancet.com/journals/lancet/article/PIIS0140-6736(20)30251-8/fulltext"">Genomic characterisation and epidemiology of 2019 novel coronavirus: implications for virus origins and receptor binding</a>",
"<a href=""https://www.foxnews.com/health/how-is-coronavirus-transmitted"">How is coronavirus transmitted?</a>",
