"Title ",
"<a href=""https://www.bbc.com/news/world-51322733"">Coronavirus: Worldwide cases overtake 2003 Sars outbreak</a>",
"<a href=""https://eu.usatoday.com/story/news/politics/2020/01/31/coronavirus-donald-trump-declares-public-health-emergency/4625299002/"">Trump administration declares coronavirus emergency, orders first quarantine in 50 years</a>",
"<a href=""https://thediplomat.com/2020/01/the-geopolitical-consequences-of-the-coronavirus-outbreak/"">The Geopolitical Consequences of the Coronavirus Outbreak</a>",
"<a href=""https://metro.co.uk/2020/01/31/drones-chasing-chinese-people-homes-stop-coronavirus-spreading-12162070/"">Drones are chasing Chinese people into their homes to stop the coronavirus spreading </a>",
"<a href=""https://edition.cnn.com/2020/01/30/asia/wuhan-coronavirus-update-intl-hnk/index.html"">Coronavirus death toll rises to 258 as US and others impose strict travel restrictions</a>",
"<a href=""https://www.cnbc.com/2020/01/31/california-and-cdc-officials-confirm-7th-case-of-coronavirus-in-the-us.html"">CDC officials confirm 7th US case of coronavirus, in California man who traveled to China</a>",
"<a href=""https://www.engadget.com/2020-01-31-facebook-google-coronavirus-misinformation.html?guccounter=1&guce_referrer=aHR0cHM6Ly93d3cuZ29vZ2xlLmNvbS8&guce_referrer_sig=AQAAAAYfsvK0a8yzvQRXZ0Tu51UWGFHE3n_QQujUrHhScGryLaReIITCDLzahOgvrzXS-rYyreTl2mTqvNZgMfpB7SVMMkSxJ7e7hKNTzVdMUvvjTvIvPCAYEnD1MXbwucLIv3aojNMXsrb4KHWo17FtMLDIiE1QecIFrl-P6sHJmm06"">Facebook and Google are fighting coronavirus misinformation</a>",
"<a href=""https://www.cnbc.com/2020/01/31/coronavirus-more-airlines-suspend-flights-to-and-from-china.html"">More airlines suspend flights to and from China amid coronavirus fears</a>",
"<a href=""https://www.themoscowtimes.com/2020/01/31/russia-reports-first-coronavirus-cases-a69123"">Russia Reports First Coronavirus Cases</a>",
"<a href=""https://www.aljazeera.com/news/2020/01/uk-confirms-coronavirus-cases-200131100102626.html"">UK confirms first two coronavirus cases</a>",
"<a href=""https://www.aa.com.tr/en/asia-pacific/myanmar-reports-first-suspected-coronavirus-case/1720166""> Myanmar reports first suspected coronavirus case</a>",
"<a href=""https://www.livescience.com/coronavirus-spread-before-symptoms.html"">New coronavirus can spread before symptoms start, German case suggests</a>",
"<a href=""https://www.reuters.com/article/us-china-health-germany/germany-confirms-seventh-coronavirus-case-idUSKBN1ZU2Q9"">Germany confirms seventh coronavirus case</a>",
"<a href=""https://www.sciencenews.org/article/first-case-coronavirus-spread-person-no-symptoms-found-germany"">The first case of coronavirus being spread by a person with no symptoms has been found</a>",
"<a href=""https://www.brusselstimes.com/all-news/92889/coronavirus-update-italy-declares-state-of-emergency/"">Coronavirus update: Italy declares state of emergency</a>",
"<a href=""https://edition.cnn.com/2020/01/30/investing/asian-market-latest/index.html"">Asian markets close the week with losses amid coronavirus fears</a>",
"<a href=""https://foreignpolicy.com/2020/01/31/coronavirus-china-trump-united-states-public-health-emergency-response/"">Trump Has Sabotaged America’s Coronavirus Response</a>",
"<a href=""https://www.ft.com/content/5dfa0250-43e4-11ea-a43a-c4b328d9061c"">China’s coronavirus crisis empties Macau’s mega casinos</a>",
"<a href=""https://www.reuters.com/article/china-health-spain/update-1-spain-confirms-first-case-of-coronavirus-health-ministry-idUSL8N2A075T"">UPDATE 1-Spain confirms first case of coronavirus - Health Ministry</a>",
"<a href=""https://www.bangkokpost.com/thailand/general/1847884/human-transmission-of-coronavirus-confirmed-in-thailand"">Human transmission of coronavirus confirmed in Thailand</a>",
"<a href=""https://www.reuters.com/article/us-china-health-india/india-bans-export-of-protective-masks-clothing-amid-coronavirus-outbreak-idUSKBN1ZU20A"">India bans export of protective masks, clothing amid coronavirus outbreak</a>",
