"Title ",
"<a href=""https://www.aljazeera.com/news/2020/02/prepared-africa-outbreak-deadly-coronavirus-200201082717976.html"">How prepared is Africa for an outbreak of deadly coronavirus?</a>",
"<a href=""https://www.bbc.com/news/health-51337400"">Coronavirus: UK patient is University of York student</a>",
"<a href=""https://eu.usatoday.com/story/news/health/2020/02/01/coronavirus-flu-deadlier-more-widespread-than-wuhan-china-virus/4632508002/"">Coronavirus is scary, but the flu is deadlier, more widespread</a>",
"<a href=""https://nationalinterest.org/blog/korea-watch/what-will-north-korea-do-if-coronavirus-comes-its-shores-119646"">What Will North Korea Do If Coronavirus Comes to Its Shores?</a>",
"<a href=""https://www.aljazeera.com/news/2020/02/china-coronavirus-toll-reaches-304-number-cases-hits-14380-200201235839015.html"">Philippines reports coronavirus death, China toll reaches 304</a>",
"<a href=""https://www.sixthtone.com/news/1005150/rumormonger-doctor-who-raised-the-alarm-says-he-has-coronavirus"">Rumormonger’ Doctor Who Raised the Alarm Says He Has Coronavirus</a>",
"<a href=""https://www.aljazeera.com/programmes/listeningpost/2020/02/china-covering-coronavirus-contagion-200201105047666.html"">China: Covering the Coronavirus Contagion</a>",
"<a href=""https://cbs6albany.com/news/local/coronavirus-confirmed-in-massachusetts-man"">Coronavirus confirmed in Massachusetts man</a>",
"<a href=""https://www.bleepingcomputer.com/news/security/coronavirus-phishing-attacks-are-actively-targeting-the-us/"">Coronavirus Phishing Attacks Are Actively Targeting the US</a>",
"<a href=""https://edition.cnn.com/asia/live-news/coronavirus-outbreak-02-01-20-intl-hnk/index.html"">February 1 coronavirus news</a>",
"<a href=""https://www.bbc.com/news/world-51338899"">Coronavirus: US and Australia close borders to Chinese arrivals</a>",
"<a href=""https://www.aljazeera.com/news/2020/02/bans-travellers-china-coronavirus-toll-spikes-200201084818805.html"">US bans travellers from China as coronavirus toll spikes</a>",
"<a href=""https://english.kyodonews.net/news/2020/02/7582dd522634-urgent-3-more-returnees-from-wuhan-test-positive-for-new-coronavirus-in-japan.html"">More Japanese returnees from Wuhan test positive for new coronavirus</a>",
