"Title ",
"<a href=""https://www.nytimes.com/2020/02/02/world/asia/china-coronavirus.html"">Stocks Sink as Markets Open in China</a>",
"<a href=""https://edition.cnn.com/2020/02/02/asia/wuhan-coronavirus-philippines-intl-hnk/index.html"">First person outside of mainland China dies of Wuhan coronavirus</a>",
"<a href=""https://www.aljazeera.com/news/2020/02/dispelling-myths-coronavirus-outbreak-200202093426388.html"">Dispelling the myths around the new coronavirus outbreak</a>",
"<a href=""https://www.politico.com/news/2020/02/02/white-house-calm-fears-coronavirus-110358"">White House seeks to calm U.S. fears over Wuhan coronavirus</a>",
"<a href=""https://www.bbc.com/news/uk-england-york-north-yorkshire-51347836"">York coronavirus risk 'remains very low', officials say</a>",
"<a href=""https://www.euronews.com/2020/02/02/italian-scientists-isolate-dna-sequence-of-coronavirus"">Italian scientists isolate DNA sequence of coronavirus</a>",
"<a href=""https://www.npr.org/sections/goatsandsoda/2020/02/02/801537445/photos-china-builds-a-medical-center-from-scratch-in-under-2-weeks"">PHOTOS: China Builds A Medical Center From Scratch In Under 2 Weeks</a>",
"<a href=""https://meduza.io/en/feature/2020/02/02/i-want-to-apologize-to-everyone"">‘I want to apologize to everyone’ One of Russia’s first two coronavirus patients says he only learned of his diagnosis from news reports</a>",
"<a href=""https://www.reuters.com/article/us-china-health-germany-g7/g7-countries-seeking-unified-approach-to-coronavirus-germanys-spahn-idUSKBN1ZW0RI"">G7 countries seeking unified approach to coronavirus: Germany's Spahn</a>",
"<a href=""https://abcnews.go.com/International/1st-coronavirus-related-death-china-reported/story?id=68707431"">2nd person-to-person transmission of coronavirus reported in US; 1st death confirmed outside China</a>",
