"Title ",
"<a href=""https://www.nytimes.com/2020/02/03/business/economy/SARS-coronavirus-economic-impact-china.html"">SARS Stung the Global Economy. The Coronavirus Is a Greater Menace.</a>",
"<a href=""https://www.bbc.com/news/world-asia-china-51353279"">Coronavirus: China accuses US of causing panic and 'spreading fear'</a>",
"<a href=""https://www.bbc.com/news/business-51352535"">Coronavirus: China shares in biggest fall in four years</a>",
"<a href=""https://qz.com/1795842/china-coronavirus-is-at-center-of-hong-kong-protests/"">The China coronavirus is now at the center of Hong Kong’s protests</a>",
"<a href=""https://news.un.org/en/story/2020/02/1056562"">Coronavirus emergency: here’s what we know so far</a>",
"<a href=""https://www.dezeen.com/2020/02/03/coronavirus-hospital-complete-wuhan-china-news/"">Coronavirus quarantine hospital in Wuhan completes in just nine days</a>",
"<a href=""https://www.aljazeera.com/news/2020/02/wuhan-turns-social-media-vent-anger-coronavirus-response-200203085324619.html"">Wuhan turns to social media to vent anger at coronavirus response</a>",
"<a href=""https://www.cnbc.com/2020/02/04/coronavirus-latest-updates-china-hubei.html"">Hong Kong reports first coronavirus death as mainland China cases cross 20,000</a>",
"<a href=""https://edition.cnn.com/2020/02/03/business/oil-prices-bear-market-coronavirus/index.html"">The coronavirus is clobbering oil prices</a>",
"<a href=""https://www.aljazeera.com/programmes/newsfeed/2020/02/coronavirus-200203071403327.html"">Coronavirus: What we know</a>",
"<a href=""https://www.cnbc.com/2020/02/04/coronavirus-china-state-media-says-no-need-to-panic-over-markets-fall.html"">‘No need to panic,’ Chinese state media tells investors after markets plunge on coronavirus fears</a>",
"<a href=""https://www.cnbc.com/2020/02/03/top-who-officials-world-is-unprepared-for-next-pandemic-as-coronavirus-spreads.html"">Top WHO official warns world may be ‘dangerously unprepared’ for next pandemic as coronavirus outbreak spreads</a>",
"<a href=""https://www.cnbc.com/2020/02/03/the-flu-has-already-killed-10000-across-us-as-world-frets-over-coronavirus.html"">The flu has already killed 10,000 across US as world frets over coronavirus</a>",
"<a href=""https://www.npr.org/sections/health-shots/2020/02/03/801620037/no-you-wont-catch-the-new-coronavirus-via-packages-or-mail-from-china"">No, You Won't Catch The New Coronavirus Via Packages Or Mail From China</a>",
