"Title ",
"<a href=""https://edition.cnn.com/2020/02/04/asia/coronavirus-japan-cruise-intl-hnk/index.html"">Diamond Princess cruise ship in Japan quarantined after passenger diagnosed with coronavirus</a>",
"<a href=""https://edition.cnn.com/2020/02/04/asia/wuhan-coronavirus-update-intl-hnk/index.html"">Confirmed Wuhan coronavirus cases top 20,000 as China marks deadliest day</a>",
"<a href=""https://www.ccn.com/coronavirus-infections-are-massively-underreported-warns-hong-kong-academic/"">Coronavirus Infections are Massively Underreported, Warns Hong Kong Academic</a>",
"<a href=""https://arstechnica.com/science/2020/02/symptomless-spread-of-new-coronavirus-questioned-as-outbreak-mushrooms/"">Symptomless spread of new coronavirus questioned as outbreak mushrooms</a>",
"<a href=""https://edition.cnn.com/2020/02/04/health/who-coronavirus-not-pandemic/index.html"">WHO says Wuhan coronavirus outbreak is not yet a pandemic</a>",
"<a href=""https://www.theverge.com/2020/2/4/21121358/coronavirus-racism-social-media-east-asian-chinese-xenophobia"">THE NEW CORONAVIRUS IS NOT AN EXCUSE TO BE RACIST</a>",
"<a href=""https://www.aljazeera.com/news/2020/02/china-students-stuck-australia-closes-border-200205012909404.html"">'Overreaction': China students stuck as Australia closes border</a>",
"<a href=""https://www.bloomberg.com/news/articles/2020-02-05/coronavirus-cases-linked-to-singapore-spur-multinational-inquiry"">Coronavirus Cases Linked to Singapore Meeting Spur Multinational Inquiry</a>",
"<a href=""https://www.bbc.com/news/world-europe-51370822"">Coronavirus: Chinese targeted as Italians panic</a>",
"<a href=""https://www.cnbc.com/2020/02/04/who-pushes-back-on-coronavirus-misinformation-and-bogus-cure-claims.html"">No, garlic won’t protect you from coronavirus: WHO pushes back on rampant misinformation</a>",
"<a href=""https://www.bloomberg.com/news/articles/2020-02-04/drones-take-to-china-s-skies-to-fight-coronavirus-outbreak"">Drones Take to China’s Skies to Fight Coronavirus Outbreak</a>",
"<a href=""https://newbulletins.com/thai-doctors-invent-medicine-for-coronavirus/4463/"">Thai doctors invent medicine for Coronavirus</a>",
"<a href=""https://www.aljazeera.com/news/2020/02/china-races-build-hospitals-coronavirus-outbreak-grows-200205033913557.html"">China races to build more hospitals as coronavirus outbreak grows</a>",
"<a href=""https://www.nst.com.my/news/nation/2020/02/562616/first-coronavirus-patient-malaysia-recovers"">First coronavirus patient in Malaysia recovers</a>",
"<a href=""https://www.heraldtribune.com/lifestyle/20200204/health-second-wave-of-flu-hits-us-death-toll-at-10000"">HEALTH: Second wave of flu hits U.S.; death toll at 10,000</a>",
"<a href=""https://www.bloomberg.com/news/articles/2020-02-04/thailand-s-coronavirus-cases-jump-to-25-with-one-seriously-ill"">Thai Coronavirus Cases Jump to 25 With One Seriously Ill</a>",
"<a href=""https://www.cnbc.com/2020/02/04/watch-world-health-organization-briefs-member-countries-on-coronavirus.html"">Watch: World Health Organization briefs member countries on coronavirus outbreak</a>",
