"Title ",
"<a href=""https://www.businessinsider.com/pictures-show-first-coronavirus-patients-arriving-at-wuhan-hospital-2020-2"">Pictures show the first coronavirus patients arriving at the new Wuhan hospital China panic-built in 10 days</a>",
"<a href=""https://www.aljazeera.com/news/2020/02/china-coronavirus-outbreak-latest-updates-200204233943034.html"">China coronavirus outbreak: All the latest updates</a>",
"<a href=""https://www.cnbc.com/2020/02/05/coronavirus-almost-2000-passengers-held-on-cruise-ship-in-hong-kong.html"">Almost 2,000 passengers held on cruise ship in Hong Kong amid coronavirus scare</a>",
"<a href=""https://www.bbc.com/news/world-asia-china-51389490"">Coronavirus: Hong Kong to quarantine visitors from mainland China</a>",
"<a href=""https://theconversation.com/is-the-coronavirus-a-pandemic-and-does-that-matter-4-questions-answered-131128"">Is the coronavirus a pandemic, and does that matter? 4 questions answered</a>",
"<a href=""https://www.ft.com/content/22345198-47e6-11ea-aeb3-955839e06441"">Coronavirus shakes centre of world’s tech supply chain</a>",
"<a href=""https://foreignpolicy.com/2020/02/05/china-lockdown-wuhan-coronavirus-government-propaganda-xi-jinping/"">China Is Under Lockdown</a>",
"<a href=""https://www.npr.org/2020/02/05/803045970/coronavirus-puts-a-crimp-on-the-chinese-tourism-industry"">Coronavirus Puts A Crimp On The Chinese Tourism Industry</a>",
"<a href=""https://www.reuters.com/article/us-china-health-britain-vaccine/british-scientist-makes-breakthrough-in-race-for-coronavirus-vaccine-sky-idUSKBN1ZZ13W"">British scientist makes breakthrough in race for coronavirus vaccine: Sky</a>",
"<a href=""https://www.reuters.com/article/us-china-health-treatments-who/who-no-known-effective-treatments-for-new-coronavirus-idUSKBN1ZZ1M6"">WHO: 'no known effective' treatments for new coronavirus</a>",
"<a href=""https://www.sciencedaily.com/releases/2020/02/200205084211.htm"">Radiologists describe coronavirus imaging features</a>",
"<a href=""https://www.bloomberg.com/opinion/articles/2020-02-05/quarantines-and-travel-bans-may-not-stop-coronavirus-now"">Quarantines and Travel Bans May Not Stop Coronavirus Now</a>",
"<a href=""https://www.voanews.com/science-health/coronavirus-outbreak/who-coronavirus-outbreak-has-not-reached-pandemic-status"">WHO: Coronavirus Outbreak Has Not Reached Pandemic Status</a>",
