"Title ",
"<a href=""https://www.nytimes.com/2020/02/06/world/asia/coronavirus-china-wuhan-quarantine.html"">China Tightens Wuhan Lockdown in ‘Wartime’ Battle With Coronavirus</a>",
"<a href=""https://www.aljazeera.com/news/2020/02/chinese-doctor-sounded-alarm-wuhan-coronavirus-dies-200207004935274.html"">Grief, anger in China as doctor who warned about coronavirus dies</a>",
"<a href=""https://www.theguardian.com/global-development/2020/feb/06/hong-kong-faces-double-devastation-as-coronavirus-and-civil-unrest-take-toll"">Deeper economic turmoil looms for Hong Kong amid coronavirus panic</a>",
"<a href=""https://www.bbc.com/news/uk-51398039"">Coronavirus: Third UK patient 'caught coronavirus in Singapore'</a>",
"<a href=""https://qz.com/1798157/who-coronavirus-report-mislabels-taiwan/"">The WHO can’t seem to figure out what to call Taiwan in its coronavirus updates</a>",
"<a href=""https://www.cnbc.com/2020/02/06/watch-world-health-organization-holds-press-conference-on-coronavirus-outbreak.html"">Watch: World Health Organization holds press conference on coronavirus outbreak</a>",
"<a href=""https://www.cnbc.com/2020/02/06/to-put-it-bluntly-were-shadow-boxing-who-official-says-of-coronavirus-fight.html"">‘To put it bluntly, we’re shadow boxing,’ WHO official says of coronavirus fight</a>",
"<a href=""https://www.businessinsider.com/wuhan-coronavirus-china-scrambles-for-hiv-drugs-for-treatment-2020-2"">People in China are scrambling to get HIV medication after authorities said it could be used to treat the deadly coronavirus</a>",
"<a href=""https://www.theguardian.com/australia-news/2020/feb/07/reserve-bank-boss-says-coronavirus-likely-to-be-worse-than-sars-for-australian-economy"">Reserve Bank boss says coronavirus likely to be worse than Sars for Australian economy</a>",
"<a href=""https://www.schengenvisainfo.com/news/hungary-tightens-border-checks-in-a-bid-to-prevent-coronavirus/"">Hungary Tightens Border Checks in a Bid to Prevent Coronavirus </a>",
"<a href=""https://www.snopes.com/fact-check/china-kill-coronavirus-patients/"">Is China Seeking Approval to Kill 20,000 Coronavirus Patients?</a>",
"<a href=""https://www.bbc.com/news/business-51397677"">Fiat warns of coronavirus risk to Europe car plant</a>",
"<a href=""https://www.bbc.com/news/av/business-51404388/coronavirus-shanghai-s-deserted-streets-and-metro"">Coronavirus: Shanghai's deserted streets and metro</a>",
"<a href=""https://qz.com/1798070/china-seeks-to-create-positive-media-coverage-about-coronavirus/"">China is dispatching journalists to tell the coronavirus story it wants its people to hear</a>",
"<a href=""https://www.ft.com/content/b190e2ea-48d9-11ea-aeb3-955839e06441"">Warning: Chinese authoritarianism is hazardous to your health</a>",
