"Title ",
"<a href=""https://www.reuters.com/article/us-china-health-who/who-warns-of-global-shortage-of-coronavirus-protective-equipment-idUSKBN2011EK"">WHO warns of global shortage of coronavirus protective equipment</a>",
"<a href=""https://www.politico.com/news/2020/02/07/trump-predicts-china-will-stop-coronavirus-outbreak-111915"">Trump predicts Xi ‘will be successful’ at stopping coronavirus outbreak</a>",
"<a href=""https://www.bbc.com/news/world-europe-51413870"">Coronavirus: Russian media hint at US conspiracy</a>",
"<a href=""https://www.vox.com/recode/2020/2/7/21125959/artificial-intelligence-coronavirus-benevolent-ai-treatment"">Scientists are identifying potential treatments for coronavirus via artificial intelligence</a>",
"<a href=""https://www.factcheck.org/2020/02/baseless-conspiracy-theories-claim-new-coronavirus-was-bioengineered/"">Baseless Conspiracy Theories Claim New Coronavirus Was Bioengineered</a>",
"<a href=""https://www.ft.com/content/900081d4-49a2-11ea-aee2-9ddbdc86190d"">Coronavirus triggers turmoil in global gas market</a>",
"<a href=""https://eu.usatoday.com/story/news/health/2020/02/07/coronavirus-fears-trigger-run-masks-gloves-and-other-gear/4692571002/"">'Patients are on edge': Coronavirus fears trigger a run on masks, gloves and other gear</a>",
"<a href=""https://www.usnews.com/news/health-news/articles/2020-02-07/theres-a-virus-spreading-in-us-thats-killed-10-000-the-flu"">There's a Virus Spreading in U.S. That's Killed 10,000: The Flu</a>",
"<a href=""https://www.scientificamerican.com/article/how-does-the-new-coronavirus-compare-with-the-flu/"">How Does the New Coronavirus Compare with the Flu?</a>",
"<a href=""https://www.bbc.com/news/world-asia-china-51409801"">Li Wenliang: Coronavirus death of Wuhan doctor sparks anger</a>",
"<a href=""https://www.theguardian.com/world/2020/feb/07/wuhan-facing-wartime-conditions-as-china-tries-to-contain-coronavirus"">Wuhan facing wartime conditions as global coronavirus deaths reach 724</a>",
"<a href=""https://www.aljazeera.com/news/2020/02/cloneofchina-coronavirus-outbreak-latest-updates-200206231352529.html"">https://www.theguardian.com/world/2020/feb/07/wuhan-facing-wartime-conditions-as-china-tries-to-contain-coronavirus</a>",
"<a href=""https://www.vox.com/2020/2/7/21124157/coronavirus-hong-kong-protests-china-carrie-lam"">How Hong Kong’s protests are shaping the response to the coronavirus</a>",
"<a href=""https://www.theguardian.com/world/2020/feb/07/pangolins-might-have-spread-coronavirus-to-humans"">Pangolins may have spread coronavirus to humans</a>",
