"Title ",
"<a href=""https://www.hongkongfp.com/2020/01/02/hong-kong-resident-tests-negative-sars-travelling-mainland-city-amid-pneumonia-outbreak/"">Woman tests negative for SARS after travelling to mainland city amid pneumonia outbreak</a>",
"<a href=""https://e.vnexpress.net/news/news/vietnam-wary-as-china-pneumonia-outbreak-could-be-linked-to-sars-4036786.html"">Vietnam wary as China pneumonia outbreak could be linked to SARS</a>",
"<a href=""https://www.livescience.com/mysterious-virus-in-china-sars.html"">Mysterious Respiratory Virus Strikes 44 People in China</a>",
"<a href=""https://www.ibtimes.sg/outbreak-pneumonia-china-sars-sends-changi-airport-into-high-alert-taiwan-follows-37025"">Outbreak of pneumonia in China sends Changi airport into high alert, Taiwan follows</a>",
"<a href=""https://asia.nikkei.com/Spotlight/Coronavirus/Asia-on-alert-over-mysterious-virus-outbreak-in-China"">Asia on alert over mysterious virus outbreak in China</a>",
"<a href=""https://news.yahoo.com/china-confirms-more-cases-mystery-viral-pneumonia-103951321.html"">China confirms more cases of mystery viral pneumonia</a>",
"<a href=""https://www.bbc.com/news/world-asia-china-50984025"">China pneumonia outbreak: Mystery virus probed in Wuhan</a>",
"<a href=""https://www.foxnews.com/health/mysterious-respiratory-illness-china-food-market-sickens-44-officials"">Mysterious respiratory illness linked to China food market sickens at least 44, officials say</a>",
"<a href=""https://www.sciencemag.org/news/2020/01/novel-human-virus-pneumonia-cases-linked-seafood-market-china-stir-concern"">Novel human virus? Pneumonia cases linked to seafood market in China stir concern</a>",
"<a href=""http://www.cidrap.umn.edu/news-perspective/2020/01/cases-spike-wuhan-mystery-pneumonia-cluster"">Cases spike in Wuhan mystery pneumonia cluster</a>",
"<a href=""https://www.beckershospitalreview.com/quality/mysterious-pneumonia-cases-in-china-prompt-international-concern.html"">Mysterious pneumonia cases in China prompt international concern</a>",
"<a href=""http://outbreaknewstoday.com/pneumonia-cluster-in-wuhan-44-cases-influenza-avian-influenza-and-adenovirus-ruled-out-73622/"">Pneumonia cluster in Wuhan: 44 cases, Influenza, avian influenza, and adenovirus ruled out</a>",
"<a href=""https://www.bloomberg.com/news/articles/2020-01-03/pneumonia-outbreak-spurs-fever-checks-from-singapore-to-taiwan"">Pneumonia Outbreak in China Spurs Fever Checks From Singapore to Taiwan</a>",
,
