"Title ",
"<a href=""https://www.nytimes.com/2020/02/08/world/asia/coronavirus-china.html"">Deaths in China From Coronavirus Reach 811, Surpassing SARS Toll</a>",
"<a href=""http://www.rfi.fr/en/asia/20200207-doctor-s-death-triggers-calls-freedom-speech-china"">Doctor’s death from coronavirus triggers calls for freedom of speech in China</a>",
"<a href=""https://www.businessinsider.com/analysis-xi-jinping-invisible-china-fight-coronavirus-2020-2"">Xi Jinping has turned invisible during China's coronavirus epidemic, likely to cover his back in case things go badly wrong</a>",
"<a href=""https://www.cnbc.com/2020/02/09/coronavirus-china-death-toll-for-new-virus-exceeds-that-of-sars.html"">Global death toll for new coronavirus soars past 800 to overtake SARS</a>",
"<a href=""https://www.dw.com/en/coronavirus-fatalities-surpass-sars-death-toll/a-52302695"">Coronavirus fatalities surpass SARS death toll</a>",
"<a href=""https://edition.cnn.com/2020/02/08/asia/wuhan-coronavirus-lockdown-life-intl-hnk/index.html"">Life under coronavirus lockdown: Anxiety and empty shelves as Wuhan residents prepare for long wait</a>",
"<a href=""https://www.theguardian.com/world/2020/feb/08/if-china-valued-free-speech-there-would-be-no-coronavirus-crisis"">If China valued free speech, there would be no coronavirus crisis</a>",
"<a href=""https://www.statnews.com/2020/02/08/who-cautions-coronavirus-transmission-could-increase-beyond-china/"">Coronavirus Is Bad. Comparing It to the Flu Is Worse</a>",
"<a href=""https://www.cnbc.com/2020/02/08/coronavirus-live-updates-us-citizen-dies-in-wuhan.html"">Canada confirms seventh case of new coronavirus, US citizen dies in Wuhan</a>",
