"Title ",
"<a href=""https://www.japantimes.co.jp/news/2020/02/09/world/coronavirus-cases-wuhan-may-nearing-peak-study-finds/#.Xn8gZohKiUk"">Coronavirus cases in Wuhan may be nearing peak, study finds</a>",
"<a href=""https://www.bbc.com/news/uk-51430654"">Coronavirus: Fourth patient in UK diagnosed</a>",
"<a href=""https://www.bloomberg.com/news/articles/2020-02-09/virus-fallout-from-singapore-conference-spreads-across-europe"">Virus Fallout From Singapore Meeting Spreads Across Europe</a>",
"<a href=""https://www.euronews.com/2020/02/09/authorities-across-europe-try-to-contain-the-spread-of-coronavirus"">Authorities across Europe try to contain the spread of coronavirus</a>",
"<a href=""https://www.businessinsider.com/spain-confirms-2nd-virus-case-uk-plane-brings-200-evacuees-2020-2"">Spain confirms a second case of the deadly coronavirus, marking nearly 40 cases in Europe</a>",
"<a href=""https://edition.cnn.com/2020/02/09/asia/wuhan-citizen-journalist-intl-hnk/index.html"">Chen Qiushi spoke out about the Wuhan virus. Now his family and friends fear he's been silenced</a>",
"<a href=""https://www.forbes.com/sites/ralphjennings/2020/02/09/coronavirus-pushes-airlines-to-their-worst-financial-hit-in-17-years/#31e09d041c5e"">Coronavirus Pushes Airlines To Their Worst Financial Hit In 17 Years</a>",
"<a href=""https://www.forbes.com/sites/victoriaforster/2020/02/09/scientists-predict-coronavirus-may-live-for-up-to-nine-days-on-surfaces/#3a50d91614e3"">Scientists Predict Coronavirus May Live For Up To Nine Days On Surfaces</a>",
"<a href=""https://www.ccn.com/billionaire-whistleblower-wuhan-coronavirus-death-toll-is-over-50000/"">Billionaire Whistleblower: Wuhan Coronavirus Death Toll Is Over 50,000</a>",
"<a href=""https://www.majorcadailybulletin.com/news/local/2020/02/09/62431/coronavirus-case-mallorca-confirmed.html"">Coronavirus case in Majorca is confirmed</a>",
"<a href=""https://www.jpost.com/Middle-East/Arab-media-accuse-US-Israel-of-coronavirus-conspiracy-against-China-617021"">Arab media accuse US, Israel of coronavirus conspiracy against China</a>",
"<a href=""https://www.straitstimes.com/singapore/coronavirus-singapore-confirms-3-more-coronavirus-cases-including-71-year-old-grandfather"">3 new coronavirus cases in Singapore, including 71-year-old grandfather; 4 more recovered, 6 in critical condition in ICU</a>",
