"Title ",
"<a href=""https://www.ccn.com/tom-cotton-thinks-coronavirus-bioweapon-china-mounts-feeble-response/"">Senator Tom Cotton Thinks Coronavirus is a Bioweapon; China Mounts Feeble Response</a>",
"<a href=""https://www.vaxbeforetravel.com/us-military-bases-house-2019-ncov-quarantined-individuals"">9 Additional Coronavirus Quarantine Locations in the USA</a>",
"<a href=""https://futurism.com/neoscope/watch-china-spray-entire-city-blocks-contain-outbreak"">CHINA IS SPRAYING ENTIRE CITY BLOCKS TO CONTAIN OUTBREAK</a>",
"<a href=""https://www.dailymail.co.uk/health/article-7987733/Killer-coronavirus-live-doorknobs-bus-handrails-protective-gear-NINE-DAYS.html"">Killer coronavirus may live on doorknobs, bus handrails and protective gear for up to NINE DAYS - four times longer than flu, study finds</a>",
"<a href=""https://www.malaymail.com/news/malaysia/2020/02/10/after-claim-that-coconuts-can-cure-wuhan-virus-minister-cautions-against-qu/1836230"">After claim that coconuts can cure Wuhan virus, minister cautions against quack solutions</a>",
"<a href=""https://qz.com/1799914/xi-jinping-appears-in-public-after-long-absence-during-coronavirus/"">Xi Jinping emerges to meet the people for the first time in China’s coronavirus outbreak</a>",
"<a href=""https://foreignpolicy.com/2020/02/10/wuhan-china-philippines-tsinoy-filipinos-turn-on-duterte-as-coronavirus-fears-spread/"">Filipinos Turn on Duterte as Coronavirus Fears Spread</a>",
"<a href=""https://www.aa.com.tr/en/europe/schools-close-in-french-alps-after-coronavirus-outbreak/1729425"">Schools close in French Alps after coronavirus outbreak</a>",
"<a href=""https://pen.org/press-release/china-detains-coronavirus-reporter/"">CHINA DETAINS CORONAVIRUS REPORTER</a>",
"<a href=""https://www.businessinsider.com/china-cities-ghost-towns-on-first-working-day-amid-coronavirus-2020-2"">China's biggest cities looked like ghost towns on the first day back to work after Lunar New Year, as the deadly coronavirus continues to spread</a>",
"<a href=""https://www.reuters.com/article/us-china-health-vietnam/vietnams-coronavirus-cases-climb-to-15-baby-infected-idUSKBN20507O"">Vietnam's coronavirus cases climb to 15, baby infected</a>",
"<a href=""https://www.aa.com.tr/en/asia-pacific/japan-reports-150-coronavirus-cases/1729212"">Japan reports 150 coronavirus cases</a>",
"<a href=""https://www.mdmag.com/medical-news/the-fear-of-the-corona-virus-and-the-reality-of-the-flu"">The Fear of the Coronavirus, and the Reality of the Flu</a>",
"<a href=""https://www.livescience.com/why-kids-missing-coronavirus-cases.html"">Why are children 'missing' from coronavirus outbreak cases?</a>",
"<a href=""https://www.theguardian.com/world/2020/feb/10/could-the-coronavirus-mutate-if-a-vaccine-cant-be-found-in-time"">Could the coronavirus mutate if a vaccine can't be found in time?</a>",
"<a href=""https://www.sciencemag.org/news/2020/02/mission-impossible-who-director-fights-prevent-pandemic-without-offending-china"">Mission impossible? WHO director fights to prevent a pandemic without offending China</a>",
"<a href=""https://www.connectedtoindia.com/india-17th-on-list-of-coronavirus-import-risk-countries-7037.html"">India 17th on list of coronavirus import-risk countries</a>",
"<a href=""http://www.pmlive.com/pharma_news/four_more_coronavirus_cases_confirmed_in_the_uk_1324748"">Four more coronavirus cases confirmed in the UK</a>",
"<a href=""https://www.thestar.com.my/news/regional/2020/02/10/chinese-ambassador-calls-us-senator039s-coronavirus-weapons-research-comment-absolutely-crazy"">Chinese ambassador calls US senator's coronavirus weapons research comment ""absolutely crazy""</a>",
