"Title ",
"<a href=""https://www.statnews.com/2020/02/11/disease-caused-by-the-novel-coronavirus-has-name-covid-19/"">Disease caused by the novel coronavirus officially has a name: Covid-19</a>",
"<a href=""https://www.theguardian.com/world/2020/feb/11/coronavirus-vaccine-could-be-ready-in-18-months-says-who"">Coronavirus should be seen as 'public enemy number one', says WHO</a>",
"<a href=""https://edition.cnn.com/2020/02/11/health/wuhan-coronavirus-spread-poor-countries-intl-hnk/index.html"">A coronavirus outbreak could be devastating for poorer countries</a>",
"<a href=""https://facilityexecutive.com/2020/02/indoor-humidification-can-reduce-coronavirus-transmission/"">Indoor Humidification Can Reduce Coronavirus Transmission, Infection Risk</a>",
"<a href=""https://www.nytimes.com/2020/02/11/world/asia/coronavirus-indonesia-bali.html"">Indonesia Has No Reported Coronavirus Cases. Is That the Whole Picture?</a>",
"<a href=""https://www.reuters.com/article/us-china-health-germany-cases/germany-confirms-two-more-cases-of-coronavirus-raising-overall-number-to-16-idUSKBN2052GT"">Germany confirms two more cases of coronavirus, raising overall number to 16</a>",
"<a href=""https://www.the-scientist.com/news-opinion/scientists-compare-novel-coronavirus-to-sars-and-mers-viruses-67088"">Scientists Compare Novel Coronavirus with SARS and MERS Viruses</a>",
"<a href=""https://www.nytimes.com/2020/02/11/health/coronavirus-quarantine.html"">Huge Shelters for Coronavirus Patients Pose New Risks, Experts Fear</a>",
"<a href=""https://www.reuters.com/article/us-china-health-economy/everyone-is-guessing-about-coronavirus-economic-impacts-say-experts-idUSKBN2060IP"">'Everyone is guessing' about coronavirus economic impacts, say experts</a>",
"<a href=""https://www.bloomberg.com/news/articles/2020-02-12/early-coronavirus-data-was-available-weeks-before-public-release"">Early Coronavirus Genetic Data May Have Forewarned Outbreak</a>",
"<a href=""https://www.ft.com/content/b5650484-4c60-11ea-95a0-43d18ec715f5"">China and fake news in the time of coronavirus</a>",
"<a href=""https://www.cnbc.com/2020/02/11/watch-world-health-organization-provides-an-update-on-the-coronavirus-outbreak.html"">Watch: World Health Organization provides an update on the coronavirus outbreak</a>",
"<a href=""https://thehill.com/changing-america/well-being/prevention-cures/482532-trump-heat-will-kill-coronavirus"">Trump: Heat will kill coronavirus</a>",
"<a href=""https://www.fool.com/investing/2020/02/11/coronavirus-gets-a-name-from-the-who.aspx"">Coronavirus Gets an Official Name From the WHO</a>",
