"Title ",
"<a href=""https://www.healthline.com/health-news/us-preparing-for-major-coronavirus"">How the U.S. Is Preparing for a Major Coronavirus Outbreak</a>",
"<a href=""http://www.rfi.fr/en/international/20200212-coronavirus-changes-name-risk-remains"">Coronavirus changes name but risk remains</a>",
"<a href=""https://www.theguardian.com/global-development/2020/feb/12/coronavirus-china-reports-fall-in-infections-but-experts-remain-cautious"">Infection numbers fall in China but coronavirus experts remain cautious</a>",
"<a href=""https://www.bbc.com/news/world-asia-51470603"">Coronavirus: Are cruise ships really 'floating Petri dishes'?</a>",
"<a href=""https://www.bbc.com/news/uk-51481469"">Coronavirus: Ninth case found in UK</a>",
"<a href=""https://thediplomat.com/2020/02/everyday-life-in-china-under-the-shadow-of-coronavirus/"">Everyday Life in China Under the Shadow of Coronavirus</a>",
"<a href=""https://www.npr.org/sections/goatsandsoda/2020/02/12/805256402/can-coronavirus-be-crushed-by-warmer-weather"">Can Coronavirus Be Crushed By Warmer Weather?</a>",
"<a href=""https://www.france24.com/en/asia-pacific/20200212-debate-can-it-be-contained-coronavirus-tests-faith-in-china-s-crisis-management"">Can it be contained? Coronavirus tests faith in China's crisis management</a>",
"<a href=""https://factcheck.afp.com/world-health-organization-says-covid-19-means-coronavirus-disease-2019-not-china-outbreak-virus"">World Health Organization says COVID-19 means ‘coronavirus disease 2019’ – not 'China outbreak virus'</a>",
"<a href=""https://www.itv.com/news/2020-02-12/first-coronavirus-case-confirmed-in-london-as-covid-19-spreads-to-capital/"">First coronavirus case confirmed in London as Covid-19 spreads to capital</a>",
"<a href=""https://www.euronews.com/2020/02/12/coronavirus-outbreak-hong-kong-building-quarantined-amidst-fears-of-transmission-through-p"">Can COVID-19 be transmitted through water pipes? The story of a Hong Kong evacuation</a>",
"<a href=""https://www.japantimes.co.jp/news/2020/02/12/national/science-health/japan-covid-19-test-kit-shortage-cruise-ship/#.Xn8tVIhKiUk"">Japan faces COVID-19 test kit shortage as infections on ship rise</a>",
"<a href=""https://www.theatlantic.com/ideas/archive/2020/02/coronavirus-spreading-because-humans-are-healthier/606448/"">Coronavirus Is Spreading Because Humans Are Healthier</a>",
"<a href=""https://www.marketwatch.com/story/covid-19-case-tally-45171-cases-1115-deaths-2020-02-12"">COVID-19 case tally: 45,171 cases of the novel coronavirus, 1,115 deaths</a>",
