"Title ",
"<a href=""http://www.cidrap.umn.edu/news-perspective/2020/02/china-reports-gush-retrospective-covid-19-cases"">China reports gush of retrospective COVID-19 cases</a>",
"<a href=""https://www.economist.com/international/2020/02/13/chinas-neighbours-are-rushing-to-contain-the-spread-of-the-new-coronavirus"">China’s neighbours are rushing to contain the spread of the new coronavirus</a>",
"<a href=""https://fortune.com/2020/02/13/covid-19-deaths-rising-coronavirus-outbreak/"">‘Tip of the iceberg:’ Why Covid-19 deaths will keep rising even as the coronavirus outbreak wanes</a>",
"<a href=""https://www.marketwatch.com/story/china-reports-5090-new-covid-19-cases-121-more-deaths-2020-02-13"">China reports 5,090 new COVID-19 cases, 121 more deaths</a>",
"<a href=""https://eu.timesrecordnews.com/story/news/local/2020/02/13/first-texas-case-covid-2019-reported-san-antonio/4749631002/"">First Texas case of coronavirus reported in San Antonio</a>",
"<a href=""https://www.japantimes.co.jp/news/2020/02/13/national/science-health/tokyo-taxi-driver-coronavirus/#.Xn8u4YhKiUk"">Japan reports first COVID-19 death as three more domestic infection cases logged</a>",
"<a href=""https://futurism.com/neoscope/coronavirus-covid19-test-kits-broken-america-scarce-china"">CORONAVIRUS (COVID-19) TEST KITS ARE BROKEN IN AMERICA, SCARCE IN CHINA</a>",
"<a href=""https://www.euronews.com/2020/02/13/covid-19-call-for-europe-to-make-own-medicines-amid-fears-of-shortages"">COVID-19: Call for Europe to make own medicines amid fears of shortages</a>",
"<a href=""https://www.ctvnews.ca/health/canadian-research-officials-return-from-geneva-with-plan-to-tackle-covid-19-1.4809779"">Canadian research officials return from Geneva with plan to tackle COVID-19</a>",
"<a href=""https://www.marketwatch.com/story/covid-10-case-tally-14-us-cases-jump-in-cases-in-china-after-new-diagnosis-protocol-2020-02-13"">UPDATE: COVID-19 case tally: 1,369 deaths, 46,997 cases confirmed by lab tests</a>",
"<a href=""https://www.orfonline.org/expert-speak/the-covid-19-situation-how-is-kerala-dealing-with-the-novel-coronavirus-2019-ncov-61353/"">The Covid-19 situation: How is Kerala dealing with the novel Coronavirus (2019-nCoV)</a>",
"<a href=""https://www.japantimes.co.jp/news/2020/02/13/business/japan-china-challenges-manufacturing-covid-19/#.Xn8vN4hKiUk"">Japanese firms struggle to restart China factories amid COVID-19 outbreak</a>",
"<a href=""https://www.biospace.com/article/coronavirus-update-higher-numbers-than-earlier-reported-overall-effects-on-healthcare-and-questions-about-projections/"">Coronavirus (COVID-19) Update: New Reporting Methods, Will Warm Weather Slow the Spread and U.S. Budget Cuts</a>",
"<a href=""https://www.wbur.org/hereandnow/2020/02/13/new-coronavirus-origins-deaths"">cientists Try To Pinpoint Animal Origins Of COVID-19</a>",
"<a href=""https://futurism.com/neoscope/deadly-outbreak-covid-19-north-korea"">DEADLY OUTBREAK COVID-19 REPORTEDLY SPREADS TO NORTH KOREA</a>",
"<a href=""https://www.npr.org/2020/02/13/805760466/china-declares-peoples-war-on-covid-19-including-reporting-family-and-friends"">China Declares 'People's War' On COVID-19 — Including Reporting Family And Friends</a>",
