"Title ",
"<a href=""http://www.cidrap.umn.edu/news-perspective/2020/02/covid-19-sickens-over-1700-health-workers-china-killing-6"">COVID-19 sickens over 1,700 health workers in China, killing 6</a>",
"<a href=""https://www.marketwatch.com/story/covid-19-case-tally-50090-new-cases-and-121-deaths-in-china-2020-02-14"">COVID-19 case tally: more than 63,000 cases and 1,383 deaths</a>",
"<a href=""https://edition.cnn.com/asia/live-news/coronavirus-outbreak-02-14-20-intl-hnk/index.html"">February 14 coronavirus news</a>",
"<a href=""https://www.vox.com/2020/2/14/21134473/coronavirus-outbreak-singapore-us-symptoms-pandemic"">Why the coronavirus outbreak might be much bigger than we know</a>",
"<a href=""https://www.npr.org/sections/goatsandsoda/2020/02/14/805289669/how-covid-19-kills-the-new-coronavirus-disease-can-take-a-deadly-turn"">How COVID-19 Kills: The New Coronavirus Disease Can Take A Deadly Turn</a>",
"<a href=""https://globalnation.inquirer.net/185316/breaking-philippines-lifts-covid-19-travel-ban-vs-taiwan"">BREAKING: Philippines lifts COVID-19 travel ban vs Taiwan</a>",
"<a href=""https://weather.com/en-IN/india/news/news/2020-02-14-kerala-defeats-coronavirus-indias-three-covid-19-patients-successfully"">Kerala Defeats Coronavirus; India’s Three COVID-19 Patients Successfully Recover</a>",
"<a href=""https://www.thestar.com.my/news/regional/2020/02/14/world-leaders-give-support-for-china039s-fight-against-covid-19"">World leaders give support for China's fight against Covid-19</a>",
"<a href=""http://www.euro.who.int/en/countries/turkey/news/news/2020/2/coronavirus-disease-covid-19-european-region-focusing-on-readiness"">Coronavirus disease (COVID-19): European Region focusing on readiness</a>",
"<a href=""https://www.wbur.org/hereandnow/2020/02/14/covid-19-numbers-are-still-rising"">COVID-19 Numbers Are Still Rising</a>",
"<a href=""https://reliefweb.int/report/world/who-director-generals-remarks-media-briefing-covid-2019-outbreak-14-february-2020"">WHO Director-General's remarks at the media briefing on COVID-2019 outbreak on 14 February 2020</a>",
"<a href=""https://www.idse.net/Emerging-Diseases/Article/02-20/Another-U-S-COVID-19-Case-Found-600-People-in-Quarantine/57311"">Another U.S. COVID-19 Case Found; 600 People in Quarantine</a>",
"<a href=""https://telanganatoday.com/covid-19-north-korean-official-shot-dead-for-leaving-quarantine"">COVID-19: North Korean official shot dead for leaving quarantine</a>",
"<a href=""https://www.healthissuesindia.com/2020/02/14/covid-19-outbreak-continues-to-ignite-panic/"">COVID-19: Outbreak continues to ignite panic</a>",
"<a href=""https://www.telegraph.co.uk/global-health/science-and-disease/coronavirus-dangerous-smokers/"">Smokers at increased risk of coronavirus complications, leading experts warn</a>",
