"Title ",
"<a href=""https://www.dw.com/en/coronavirus-france-announces-first-covid-19-death-in-europe/a-52386140"">Coronavirus: France announces first COVID-19 death in Europe</a>",
"<a href=""https://foreignpolicy.com/2020/02/15/coronavirus-xi-jinping-chinas-incompetence-endangered-the-world/"">How China’s Incompetence Endangered the World</a>",
"<a href=""https://reliefweb.int/report/china/coronavirus-disease-2019-covid-19-situation-report-26-15-february-2020"">Coronavirus disease 2019 (COVID-19): Situation Report - 26 (15 February 2020)</a>",
"<a href=""https://www.euronews.com/2020/02/15/chinese-bank-notes-quarantined-in-covid-19-coronavirus-crisis"">Chinese bank notes quarantined in COVID-19 coronavirus crisis</a>",
"<a href=""https://news.un.org/en/story/2020/02/1057481"">‘This is a time for facts, not fear,’ says WHO chief as COVID-19 virus spreads</a>",
"<a href=""https://www.nst.com.my/news/nation/2020/02/565870/no-evidence-recovered-covid-19-patients-can-be-re-infected"">No evidence recovered Covid-19 patients can be re-infected</a>",
"<a href=""https://www.thestar.com.my/news/regional/2020/02/15/several-drugs-against-covid-19-already-in-clinical-trials"">Several drugs against Covid-19 already in clinical trials</a>",
"<a href=""https://www.todayonline.com/singapore/religious-groups-suspend-services-group-meetings"">Covid-19: Some religious bodies cancel activities while others ramp up cleaning Read more at https://www.todayonline.com/singapore/religious-groups-suspend-services-group-meetings</a>",
"<a href=""https://reliefweb.int/report/thailand/coronavirus-disease-2019-covid-19-who-thailand-situation-report-15-february-2020"">Coronavirus disease 2019 (COVID-19) WHO Thailand Situation Report – 15 February 2020</a>",
"<a href=""https://www.tpr.org/post/evacuees-covid-19-outbreak-japan-arrive-lackland-234-now-quarantined"">Evacuees From COVID-19 Outbreak In Japan Arrive At Lackland; 234 Now Quarantined</a>",
"<a href=""https://www.inverse.com/mind-body/coronavirus-symptoms"">CORONAVIRUS OUTBREAK: DEBUNKING 5 MYTHS ABOUT THE DISEASE</a>",
"<a href=""https://www.rappler.com/nation/251927-smelly-blankets-no-water-quarantined-for-coronavirus-cebu-go-home"">'Smelly blankets, no water': 25 quarantined for coronavirus in Cebu go home</a>",
