"Title ",
"<a href=""https://www.thestar.com.my/news/regional/2020/02/16/china039s-fight-against-covid-19---the-facts-and-moving-in-the-right-direction"">China's fight against Covid-19 - The facts and moving in the right direction</a>",
"<a href=""https://time.com/5785115/xi-jingping-lead-covid-19/"">Chinese President Xi Says He Was Leading COVID-19 Efforts During Critical Early Stages of Outbreak</a>",
"<a href=""https://www.seatrade-cruise.com/news/malaysia-says-westerdam-guest-tested-positive-covid-19"">Malaysia says a Westerdam guest tested positive for COVID-19</a>",
"<a href=""https://reliefweb.int/report/united-arab-emirates/update-covid-19-eastern-mediterranean-region-enar"">Update on COVID-19 in the Eastern Mediterranean Region [EN/AR]</a>",
"<a href=""https://www.connexionfrance.com/French-news/80-year-old-Chinese-tourist-man-dies-of-Covid-19-in-France-in-first-death-outside-of-Asia"">Chinese tourist dies of Covid-19 in France</a>",
"<a href=""https://newatlas.com/science/new-detailed-images-novel-coronavirus-covid19-niaid/"">New, detailed images of novel coronavirus released by US lab</a>",
"<a href=""https://www.nasdaq.com/articles/the-week-ahead-economic-data-covid-19-updates-and-geopolitics-in-focus-2020-02-16"">The Week Ahead – Economic Data, COVID-19 Updates and Geopolitics in Focus</a>",
"<a href=""https://finance.yahoo.com/news/european-equities-covid-19-updates-012056341.html"">European Equities: COVID-19 Updates and Sentiment towards the Economic Outlook to Influence</a>",
"<a href=""https://eu.lcsun-news.com/story/news/local/new-mexico/2020/02/16/coronavirus-covid-19-new-mexico-department-health-cdc/4779353002/"">Can a face mask protect you from coronavirus? New Mexico Department of Health sheds light</a>",
"<a href=""https://weather.com/en-IN/india/news/news/2020-02-16-covid-19-coronavirus-death-toll-spikes-infected-france-first-death-asia"">COVID-19: Death Toll Spikes to 1,669, Close to 70,000 Infected; France Reports First Death Outside Asia</a>",
"<a href=""https://meaww.com/coronavirus-could-have-originated-wuhan-lab-bats-report-sars-co-v"">Coronavirus: Deadly virus COVID-19 may have been bio-engineered in Wuhan lab, claims bombshell report</a>",
"<a href=""https://abcnews.go.com/Health/coronavirus-death-reported-taiwan-us-cruise-passengers-released/story?id=69016015"">Coronavirus death reported in Taiwan, US cruise passengers released from quarantine</a>",
"<a href=""https://www.bbc.com/news/world-asia-china-51523835"">Coronavirus: China enacts tighter restrictions in Hubei</a>",
