"Title ",
"<a href=""https://edition.cnn.com/asia/live-news/coronavirus-outbreak-02-17-20-intl-hnk/index.html"">February 17 coronavirus news</a>",
"<a href=""https://www.businessinsider.com/coronavirus-japan-cruise-passengers-isolated-plane-2020-2"">14 Americans who got the coronavirus from the quarantined cruise ship in Japan were flown home in an 'isolation box' at the back of the plane</a>",
"<a href=""https://edition.cnn.com/2020/02/16/asia/coronavirus-covid-19-death-toll-update-intl-hnk/index.html"">780 million people in China are living under travel restrictions due to the coronavirus outbreak</a>",
"<a href=""https://www.cnbc.com/2020/02/18/coronavirus-covid-19-latest-updates-china-death.html"">Wuhan hospital director dies from coronavirus, Moody’s lowers China forecast</a>",
"<a href=""https://www.nytimes.com/2020/02/17/world/asia/coronavirus-china-xu-zhiyong.html"">China Detains Activist Who Accused Xi of Coronavirus Cover-Up</a>",
"<a href=""https://www.theguardian.com/world/2020/feb/17/coronavirus-russian-court-orders-woman-who-fled-quarantine-back-to-hospital"">Coronavirus: Russian court orders woman who fled quarantine back to hospital</a>",
"<a href=""https://www.nytimes.com/2020/02/17/business/media/coronavirus-tom-cotton-china.html"">Senator Tom Cotton Repeats Fringe Theory of Coronavirus Origins</a>",
"<a href=""https://theconversation.com/outbreaks-like-coronavirus-start-in-and-spread-from-the-edges-of-cities-130666"">Outbreaks like coronavirus start in and spread from the edges of cities</a>",
"<a href=""https://factcheck.afp.com/thai-doctors-say-their-treatment-helped-coronavirus-patient-recover-it-was-not-cure"">Thai doctors say their treatment helped a coronavirus patient recover, but it was not a ‘cure’</a>",
"<a href=""https://www.ccn.com/why-china-increasing-censorship-if-coronavirus-under-control/"">Why Is China Increasing Censorship If The Coronavirus Is Under Control?</a>",
"<a href=""https://www.genengnews.com/news/coronaviruss-new-name-and-surging-case-numbers-cause-confusion/"">Coronavirus’s New Name and Surging Case Numbers Cause Confusion</a>",
"<a href=""https://www.bleepingcomputer.com/news/security/world-health-organization-warns-of-coronavirus-phishing-attacks/"">World Health Organization Warns of Coronavirus Phishing Attacks</a>",
"<a href=""https://www.ft.com/content/6b5ba925-1300-37d9-8f84-52fdb3f6e2f7"">Coronavirus: WHO cautions over figures showing slowdown in infections – as it happened</a>",
"<a href=""https://www.theatlantic.com/ideas/archive/2020/02/coronavirus-wont-be-chinas-chernobyl/606673/"">China’s Chernobyl Never Seems to Arise</a>",
