"Title ",
"<a href=""https://www.thestar.com.my/news/nation/2020/01/04/passengers-from-wuhan-to-be-screened-due-to-outbreak-of-respiratory-illness"">Passengers from Wuhan to be screened due to outbreak of respiratory illness</a>",
"<a href=""https://sg.news.yahoo.com/wuhan-virus-outbreak-singapore-sees-first-suspected-case-062919705.html"">Wuhan virus outbreak: Singapore sees first suspected case</a>",
"<a href=""https://www.straitstimes.com/asia/east-asia/wuhan-pneumonia-outbreak-hong-kong-raises-response-level-as-more-cases-reported"">Wuhan pneumonia outbreak: Hong Kong steps up response as more cases reported</a>",
"<a href=""https://www.statnews.com/2020/01/04/mystery-pneumonia-outbreak-china/"">Experts search for answers in limited information about mystery pneumonia outbreak in China</a>",
"<a href=""https://www.bangkokpost.com/world/1828714/chinese-pneumonia-outbreak-raises-concerns"">Chinese pneumonia outbreak raises concerns</a>",
"<a href=""https://nypost.com/2020/01/04/hong-kong-activates-serious-response-to-growing-mystery-illness/"">Hong Kong activates ‘serious response’ to growing mystery illness</a>",
"<a href=""https://www.bloomberg.com/news/articles/2020-01-04/hong-kong-unveils-response-plan-for-pneumonia-outbreak-in-china"">Hong Kong Unveils Plan to Deal With Wuhan Pneumonia Outbreak By Annie Lee</a>",
"<a href=""https://www.voanews.com/east-asia-pacific/hong-kong-steps-response-mystery-disease-china"">Hong Kong Steps up Response to Mystery Disease from China</a>",
"<a href=""https://indianexpress.com/article/explained/explained-a-mystery-disease-from-china-has-hit-hong-kong-what-is-it-6199541/"">Explained: A mystery disease from China has hit Hong Kong. What is it?</a>",
"<a href=""https://news.cgtn.com/news/2020-01-04/Hong-Kong-activates-serious-response-level-for-infectious-disease-MYtDiOEXeg/index.html"">Hong Kong activates serious response level for infectious disease</a>",
"<a href=""http://www.asianews.it/news-en/Mysterious-pneumonia-outbreak-in-China:-44-cases.-Fears-for-a-return-of-Sars-48946.html"">Mysterious pneumonia outbreak in China: 44 cases. Fears for a return of Sars</a>",
"<a href=""https://www.youtube.com/watch?v=2LtA0-qoHOg"">VIDEO: Mystery illness outbreak in Wuhan, China</a>",
