"Title ",
"<a href=""https://www.cnbc.com/2020/02/18/coronavirus-latest-updates.html"">Stocks fall after Apple’s coronavirus warning, analyst says ‘worst is yet to come’ for markets</a>",
"<a href=""https://www.businessinsider.com/coronavirus-illness-symptoms-peak-decline-china-2020-2"">Chinese scientists say coronavirus illness symptoms peaked on February 1 — but they warn that the epidemic could 'rebound'</a>",
"<a href=""https://www.bloomberg.com/opinion/articles/2020-02-18/coronavirus-threat-means-who-should-demand-more-help-from-china"">WHO Needs to Quit Being Polite With China</a>",
"<a href=""https://www.bbc.com/news/world-asia-china-51541801"">Coronavirus: The noted victims of the virus in Wuhan</a>",
"<a href=""https://www.cnbc.com/2020/02/18/leon-cooperman-says-bernie-sanders-is-a-bigger-threat-to-the-stock-market-than-the-coronavirus.html"">Leon Cooperman says Bernie Sanders is a bigger threat to the stock market than the coronavirus</a>",
"<a href=""https://www.bmj.com/content/368/bmj.m641"">Coronavirus: covid-19 has killed more people than SARS and MERS combined, despite lower case fatality rate</a>",
"<a href=""https://www.cnbc.com/2020/02/19/xi-jinping-to-meet-chinas-2020-growth-target-amid-coronavirus.html"">China’s Xi Jinping, under fire from virus outbreak, could also face an ‘economic crisis’</a>",
"<a href=""https://www.aljazeera.com/news/2020/02/reported-cases-coronavirus-indonesia-200218112232304.html"">Why are there no reported cases of coronavirus in Indonesia?</a>",
"<a href=""https://www.ft.com/content/4664ed50-5238-11ea-8841-482eed0038b1"">Coronavirus impact causes sentiment to darken in Germany</a>",
"<a href=""https://www.rappler.com/newsbreak/fact-check/252096-cannabis-kills-coronavirus"">FALSE: Cannabis 'kills coronavirus'</a>",
"<a href=""https://www.insidehighered.com/quicktakes/2020/02/18/chinese-professor-punished-coronavirus-article"">Chinese Professor Punished for Coronavirus Article</a>",
"<a href=""https://qz.com/1803737/chinas-facial-recognition-tech-can-crack-masked-faces-amid-coronavirus/"">China’s facial-recognition giant says it can crack masked faces during the coronavirus</a>",
"<a href=""https://www.nytimes.com/2020/02/18/opinion/coronavirus-china-numbers.html"">We’re Reading the Coronavirus Numbers Wrong</a>",
"<a href=""https://www.bloomberg.com/news/articles/2020-02-18/when-will-the-coronavirus-outbreak-end-experts-give-predictions"">February 18 coronavirus news</a>",
"<a href=""https://www.bloomberg.com/news/articles/2020-02-18/when-will-the-coronavirus-outbreak-end-experts-give-predictions"">Coronavirus Outcomes Range From Pandemic to a New Flu, Experts Say</a>",
"<a href=""https://www.cnbc.com/2020/02/18/chernobyl-like-response-by-china-means-worst-is-yet-to-come-for-coronavirus-raymond-james-says.html"">‘Chernobyl-like’ response by China means ‘worst is yet to come’ for coronavirus, Raymond James says</a>",
