"Title ",
"<a href=""https://www.scmp.com/news/china/society/article/3051250/coronavirus-mainland-death-toll-hits-2000-132-more-fatalities"">Coronavirus: China receives protective gear from US as death toll passes 2,000</a>",
"<a href=""https://nymag.com/intelligencer/2020/02/global-coronavirus-death-toll-surpasses-2-000.html"">Global Coronavirus Death Toll Surpasses 2,000</a>",
"<a href=""https://www.aljazeera.com/news/2020/02/cloneofcloneofcloneof200215224437270-20021623180-200218231013395.html"">China coronavirus outbreak: All the latest updates</a>",
"<a href=""https://www.aljazeera.com/news/2020/02/die-coronavirus-iran-fatalities-middle-east-200219171007605.html"">Two die of coronavirus in Iran, first fatalities in Middle East</a>",
"<a href=""https://www.bbc.com/news/world-middle-east-51563039"">Coronavirus: Iran reports two suspected fatal cases at Qom hospital</a>",
"<a href=""https://edition.cnn.com/2020/02/19/business/pharma-drugs-coronavirus/index.html"">Drugmakers could be hit by the coronavirus. India is especially vulnerable</a>",
"<a href=""https://www.themoscowtimes.com/2020/02/19/china-dumbstruck-by-russias-coronavirus-entry-ban-kommersant-a69347"">China 'Dumbstruck’ by Russia’s Coronavirus Entry Ban – Kommersant</a>",
"<a href=""https://www.forbes.com/sites/isabeltogoh/2020/02/19/adidass-china-sales-slump-85-due-to-coronavirus/#71c1cc6942b6"">Adidas’ China Sales Slump 85% Due To Coronavirus</a>",
"<a href=""https://foreignpolicy.com/2020/02/19/china-coronavirus-figures-reliable-communist-party-politics-xi-jinping-quarantine-hubei/"">Are China’s Coronavirus Figures Reliable?</a>",
"<a href=""https://www.cnbc.com/2020/02/19/fed-calls-the-coronavirus-a-new-risk-to-global-growth-outlook.html"">Fed calls the coronavirus a ‘new risk to global growth outlook’</a>",
"<a href=""https://www.reuters.com/article/us-china-health-egypt/who-says-man-with-coronavirus-in-egypt-is-recovering-no-longer-a-carrier-idUSKBN20D284"">WHO says man with coronavirus in Egypt is recovering, no longer a carrier</a>",
"<a href=""https://www.techrepublic.com/article/coronavirus-domain-names-are-the-latest-hacker-trick/"">Coronavirus domain names are the latest hacker trick</a>",
"<a href=""https://english.kyodonews.net/news/2020/02/1b8c055bc967-latest-on-the-coronavirus-outbreak.html"">Coronavirus outbreak updates: Feb. 19, 2020</a>",
