"Title ",
"<a href=""https://www.theguardian.com/world/2020/feb/21/explainer-how-worried-should-i-be-about-coronavirus-in-australia"">Explainer: how worried should I be about coronavirus in Australia?</a>",
"<a href=""https://www.theguardian.com/world/2020/feb/20/ukraine-protesters-clash-with-police-over-coronavirus-evacuees"">Ukraine: violent clashes as locals hurl stones at coronavirus evacuees' bus</a>",
"<a href=""https://www.npr.org/sections/goatsandsoda/2020/02/20/807745305/coronavirus-2-princess-diamond-cruise-ship-passengers-die-after-contracting-covi"">Coronavirus: South Korea Says COVID-19 Cases Doubled In 24 Hours</a>",
"<a href=""https://www.japantimes.co.jp/news/2020/02/20/national/coronavirus-deaths-diamond-princess/#.Xn89gohKiUk"">Two Diamond Princess passengers infected with coronavirus die as Japan reports new cases</a>",
"<a href=""https://www.bbc.com/news/world-asia-51572137"">Coronavirus: South Korean sect identified as hotbed</a>",
"<a href=""https://www.statnews.com/2020/02/20/experts-say-confusion-over-coronavirus-case-count-in-china-is-muddying-picture-of-spread/"">Experts say confusion over coronavirus case count in China is muddying picture of spread</a>",
"<a href=""https://www.the-scientist.com/news-opinion/coronavirus-landing-page-67127"">Follow the Coronavirus Outbreak</a>",
"<a href=""https://www.scientificamerican.com/article/scientists-question-chinas-decision-not-to-report-symptom-free-coronavirus-cases/"">Scientists Question China’s Decision Not to Report Symptom-Free Coronavirus Cases</a>",
"<a href=""https://www.cnbc.com/2020/02/20/coronavirus-air-travel-demand-set-to-decline-for-first-time-since-2009.html"">Coronavirus to cost airlines more than $29 billion in revenue this year</a>",
"<a href=""https://www.theguardian.com/world/2020/feb/20/australia-extends-coronavirus-ban-on-travel-from-china-into-fourth-week"">Australia extends coronavirus ban on travel from China into fourth week</a>",
"<a href=""https://www.dicardiology.com/article/cardiac-implications-novel-coronavirus"">The Cardiac Implications of Novel Coronavirus</a>",
"<a href=""https://www.scmp.com/lifestyle/arts-culture/article/3051619/china-wasnt-original-villain-book-predicting-coronavirus"">China wasn’t original villain in book ‘predicting’ coronavirus outbreak – it was Russia</a>",
"<a href=""https://carnegieendowment.org/2020/02/20/can-united-states-and-china-cooperate-on-coronavirus-pub-81114"">Can the United States and China Cooperate on the Coronavirus?</a>",
"<a href=""https://www.cnbc.com/2020/02/19/hospitals-across-the-us-prepare-for-coronavirus-outbreak-to-become-global-pandemic.html"">Hospitals across the US prepare for coronavirus outbreak to become global pandemic</a>",
"<a href=""https://www.npr.org/sections/goatsandsoda/2020/02/20/807483553/coronavirus-is-contagious-but-kids-seem-less-vulnerable-so-far"">Coronavirus Is Contagious, But Kids Seem Less Vulnerable So Far</a>",
"<a href=""https://www.thelancet.com/journals/landig/article/PIIS2589-7500(20)30026-1/fulltext"">Early epidemiological analysis of the coronavirus disease 2019 outbreak based on crowdsourced data: a population-level observational study</a>",
"<a href=""https://www.cnbc.com/2020/02/20/watch-world-health-organization-holds-press-conference-on-the-coronavirus-outbreak.html"">Watch: World Health Organization holds press conference on the coronavirus outbreak</a>",
