"Title ",
"<a href=""https://www.timesofisrael.com/israel-confirms-first-coronavirus-case-as-cruise-ship-returnee-diagnosed/"">Israel confirms first coronavirus case as cruise ship returnee diagnosed</a>",
"<a href=""https://www.aljazeera.com/news/2020/02/coronavirus-claims-lives-iran-200221133905683.html"">Coronavirus claims two more lives in Iran</a>",
"<a href=""https://www.nbcnews.com/health/health-news/u-s-takes-steps-prepare-pandemic-global-coronavirus-cases-rise-n1140371"">U.S. takes steps to prepare for pandemic as global coronavirus cases rise</a>",
"<a href=""https://edition.cnn.com/2020/02/20/health/nebraska-coronavirus-positive-tests/index.html"">11 cruise ship passengers test positive for coronavirus, Nebraska hospital says</a>",
"<a href=""https://www.statnews.com/2020/02/21/coronavirus-picking-up-steam-outside-china/"">The coronavirus is picking up steam outside China, narrowing chances of eliminating it</a>",
"<a href=""https://www.bbc.com/news/business-51583348"">Coronavirus: Car sales in China fall 92% in February</a>",
"<a href=""https://abcnews.go.com/International/cases-coronavirus-double-24-hours-south-korea/story?id=69123135"">New cases of coronavirus double in 24 hours in South Korea</a>",
"<a href=""https://www.theverge.com/2020/2/21/21147969/coronavirus-misinformation-protests-ukraine-evacuees"">Coronavirus email hoax led to violent protests in Ukraine</a>",
"<a href=""https://www.dw.com/en/coronavirus-riots-erupt-in-ukraine-as-china-evacuees-enter-quarantine/a-52455287"">Coronavirus: Riots erupt in Ukraine as China evacuees enter quarantine</a>",
"<a href=""https://africatimes.com/2020/02/21/who-appoints-three-africans-as-coronavirus-special-envoys/"">WHO appoints three Africans as coronavirus ‘special envoys’</a>",
"<a href=""https://www.reuters.com/article/us-china-health-politburo/turning-point-of-coronavirus-outbreak-in-china-has-not-come-politburo-idUSKBN20F1NN"">China coronavirus outbreak has not yet peaked -politburo</a>",
"<a href=""https://www.space.com/china-launches-rocket-amid-coronavirus-outbreak.html"">Coronavirus isn't stopping China from launching rockets</a>",
"<a href=""https://www.bbc.com/news/av/world-europe-51585902/coronavirus-ukraine-protesters-angry-about-evacuees-clash-with-police"">Coronavirus: Ukraine protesters angry about evacuees clash with police</a>",
"<a href=""https://www.cnbc.com/2020/02/21/watch-world-health-organization-holds-press-conference-on-the-coronavirus-outbreak.html"">Watch: World Health Organization holds press conference on the coronavirus outbreak</a>",
