"Title ",
"<a href=""https://www.aa.com.tr/en/asia-pacific/south-korea-confirms-229-new-coronavirus-cases/1741601"">South Korea confirms 229 new coronavirus cases</a>",
"<a href=""http://www.rfi.fr/en/international/20200222-italy-reports-first-european-coronavirus-death-imposes-lockdown-north-veneto"">Second European dies from coronavirus in Italy amid lockdown in north</a>",
"<a href=""https://www.aa.com.tr/en/middle-east/iran-death-toll-from-coronavirus-climbs-to-5/1741546"">Iran: Death toll from coronavirus climbs to 5</a>",
"<a href=""https://www.theguardian.com/world/2020/feb/22/coronavirus-russia-disinformation-campaign-us-officials"">Coronavirus: US says Russia behind disinformation campaign</a>",
"<a href=""https://techstartups.com/2020/02/22/coronavirus-may-have-originated-and-escaped-from-chinas-only-stage-4-bioresearch-lab/"">Coronavirus May Have Originated and Escaped From China’s Only Stage 4 Bioresearch Lab</a>",
"<a href=""https://www.aljazeera.com/news/2020/02/iraq-extends-ban-iran-arrivals-coronavirus-fears-200222190721462.html"">Iraq extends ban on Iran arrivals amid coronavirus fears</a>",
"<a href=""https://www.aljazeera.com/programmes/insidestory/2020/02/mishandling-coronavirus-response-200222190201457.html"">Is WHO mishandling the coronavirus response?</a>",
"<a href=""https://www.ccn.com/your-cell-phone-is-more-likely-to-kill-you-than-coronavirus/"">Your Cell Phone Is More Likely to Kill You Than Coronavirus</a>",
"<a href=""https://www.fxstreet.com/news/whos-tedros-concerned-about-number-of-covid-19-cases-with-no-clear-epidemiological-link-202002220946"">WHO's Tedros: Concerned about number of COVID-19 cases with no clear epidemiological link</a>",
"<a href=""https://www.abc.net.au/news/2020-02-23/coronavirus-wuhan-hubei-china-lockdown-month-long-look/11983818"">Coronavirus COVID-19's Wuhan lockdown, a month on</a>",
"<a href=""https://www.channelnewsasia.com/news/singapore/covid19-coronavirus-moh-singapore-update-feb-22-12460526"">3 more confirmed COVID-19 cases in Singapore; mother and 6-month-old baby discharged</a>",
"<a href=""https://www.channelnewsasia.com/news/world/who-sounds-alarm-over-africa-s-covid-19-preparedness-12461100"">WHO sounds alarm over Africa's COVID-19 preparedness</a>",
"<a href=""https://www.alhambrasource.org/story/coronavirus-how-many-have-it-where-and-who-has-recovered-from-covid-19"">Coronavirus: How Many Have It, Where and Who Has Recovered from COVID-19</a>",
"<a href=""https://www.vaxbeforetravel.com/international-visitors-potentially-infected-israelis-covid-19-disease"">Israelis Begin Self-Quarantine From COVID-19</a>",
