"Title ",
"<a href=""https://www.japantimes.co.jp/news/2020/02/23/national/covid-19-confirmed-japanese-woman-left-diamond-princess-testing-negative/#.Xn9FpIhKiUk"">Japan's COVID-19 response in focus as woman let off cruise ship tests positive</a>",
"<a href=""https://www.channelnewsasia.com/news/asia/covid19-south-korea-reports-two-deaths-123-coronavirus-cases-12461862"">South Korea reports 169 new COVID-19 cases; three more deaths</a>",
"<a href=""https://news.ontario.ca/mohltc/en/2020/02/ontario-confirms-presumptive-case-of-covid-19.html"">Ontario Confirms Presumptive Case of COVID-19 All Protocols Followed and Risk to Ontarians Remains Low</a>",
"<a href=""https://www.taiwannews.com.tw/en/news/3880137"">Taiwan's COVID-19 cases rise to 28</a>",
"<a href=""https://www.thestar.com.my/news/regional/2020/02/23/confirmed-covid-19-cases-increase-to-74-in-hong-kong"">Confirmed Covid-19 cases increase to 74 in Hong Kong</a>",
"<a href=""https://www.thestar.com.my/news/regional/2020/02/23/minister-covid-19-is-contained-in-australia"">Minister: Covid-19 is contained in Australia</a>",
"<a href=""https://www.thestar.com.my/news/regional/2020/02/23/xi-stresses-all-out-efforts-in-covid-19-control-and-coordination-on-economic"">Xi stresses all out efforts in Covid-19 control and coordination on economic</a>",
"<a href=""https://techcrunch.com/2020/02/23/what-happens-if-a-pandemic-hits/?guccounter=1&guce_referrer=aHR0cHM6Ly93d3cuZ29vZ2xlLmNvbS8&guce_referrer_sig=AQAAADAHA0tozg-loLbtAGgqQ0GCv4CHVYZWUTikcMKinVlZYXdOxxC5me8LwqRoGGjw3EO8zSsVu5eKklRUs0XFo21H-gacFrSBd2t2WQoCbvVezv8W4TcV1xN7t1hwAGybd22acDoEny0cQ8YF6hBytksBTsAHfKDni36Sdwru7D8X"">What happens if a pandemic hits?</a>",
"<a href=""https://bigislandnow.com/2020/02/23/62-monitoring-for-covid-19-in-hawaii/"">62 Monitoring for COVID-19 in Hawai‘i</a>",
"<a href=""https://www.brusselstimes.com/all-news/belgium-all-news/96505/covid-19-is-now-a-pandemic-says-leuven-specialist-van-ranst-epidemic-sars/"">Coronavirus is now a pandemic, says Leuven specialist</a>",
"<a href=""https://ceoworld.biz/2020/02/23/economic-spotlight-inflation-dives-due-to-covid-19/"">Economic Spotlight: Inflation dives due to Covid-19</a>",
"<a href=""https://www.precisionvaccinations.com/avigan-favipiravir-antiviral-agent-inhibits-rna-dependent-rna-polymerase-rna-viruses"">Japan Testing Flu Medication Treatment Against COVID-19 Disease</a>",
