"Title ",
"<a href=""https://news.un.org/en/story/2020/02/1057991"">COVID-19 not yet a pandemic, says UN health agency chief</a>",
"<a href=""https://www.marketwatch.com/story/world-health-organization-says-covid-19-is-not-a-pandemic-2020-02-24-10911934"">World Health Organization says COVID-19 is not a pandemic</a>",
"<a href=""https://www.cnbc.com/2020/02/25/coronavirus-latest-updates-china-asia-markets.html"">Coronavirus: Iran’s deputy health minister positive for COVID-19, South Korea to launch mass testing</a>",
"<a href=""https://www.ship-technology.com/news/diamond-princess-covid-19-third-death/"">Diamond Princess Covid-19 update: Third death reported</a>",
"<a href=""https://www.channelnewsasia.com/news/asia/covid-19-south-korea-daegu-reports-deaths-new-cases-coronavirus-12463200"">South Korea reports 70 more COVID-19 cases, bringing total to 833</a>",
"<a href=""https://www.economist.com/middle-east-and-africa/2020/02/24/the-iranian-regime-risks-exacerbating-the-outbreak-of-covid-19"">The Iranian regime risks exacerbating the outbreak of covid-19</a>",
"<a href=""https://www.fool.com/investing/2020/02/24/modernas-new-covid-19-vaccine-ready-for-human-tria.aspx"">Moderna's New COVID-19 Vaccine Ready for Human Trials; Stock Up 15%</a>",
"<a href=""https://globalnews.ca/news/6587817/covid19-coronavirus-confirmed-toronto-ontario/"">New case of COVID-19 confirmed in Toronto, health officials say</a>",
"<a href=""https://globalnews.ca/news/6588617/bc-covid-19-update-feb-24/"">Seventh case of COVID-19 diagnosed in B.C.</a>",
"<a href=""https://www.japantimes.co.jp/opinion/2020/02/24/commentary/world-commentary/hun-sens-political-gamble-covid-19-epidemic/#.Xn9HTohKiUk"">Hun Sen's political gamble: The COVID-19 epidemic</a>",
"<a href=""https://ec.europa.eu/commission/presscorner/detail/en/qanda_20_307"">The EU's Response to COVID-19</a>",
"<a href=""https://www.marketwatch.com/story/teslas-stock-falls-amid-fears-of-global-spread-of-covid-19-2020-02-24"">Tesla's stock falls amid fears of global spread of COVID-19</a>",
"<a href=""http://www.cidrap.umn.edu/news-perspective/2020/02/study-72000-covid-19-patients-finds-23-death-rate"">Study of 72,000 COVID-19 patients finds 2.3% death rate</a>",
