"Title ",
"<a href=""https://www.bmj.com/content/368/bmj.m751"">Covid-19: surge in cases in Italy and South Korea makes pandemic look more likely</a>",
"<a href=""https://globalnews.ca/news/6596654/south-korean-coronavirus-soldier/"">COVID-19: First U.S. soldier infected as South Korean cases jump by 169</a>",
"<a href=""https://www.thestar.com.my/news/regional/2020/02/25/who-world-may-need-to-brace-for-potential-covid-19-pandemic"">WHO: World may need to brace for potential Covid-19 pandemic</a>",
"<a href=""https://www.sciencemag.org/news/2020/02/coronavirus-infections-keep-mounting-after-cruise-ship-fiasco-japan"">Coronavirus infections keep mounting after cruise ship fiasco in Japan</a>",
"<a href=""https://www.ship-technology.com/news/coronavirus-india-repatriate-citizens-diamond-princess/"">Coronavirus Covid-19: India to repatriate citizens on Diamond Princess</a>",
"<a href=""https://www.ajmc.com/newsroom/cdc-warns-that-covid19-is-likely-headed-toward-pandemic-stage-could-affect-us-schools-businesses"">CDC Warns That COVID-19 Is Likely Headed Toward Pandemic Stage, Could Affect US Schools, Businesses</a>",
"<a href=""https://www.npr.org/sections/health-shots/2020/02/25/809318447/health-officials-warn-americans-to-start-planning-for-spread-of-coronavirus-in-u"">Health Officials Warn Americans To Plan For The Spread Of Coronavirus In U.S.</a>",
"<a href=""https://www.healio.com/infectious-disease/emerging-diseases/news/online/%7Bf5fb5e25-94c9-46fd-b30f-00f3cad4fd11%7D/us-begins-trial-of-remdesivir-to-treat-patients-with-covid-19"">US begins trial of remdesivir to treat patients with COVID-19</a>",
"<a href=""https://time.com/5790545/first-covid-19-vaccine/"">COVID-19 Vaccine Shipped, and Drug Trials Start</a>",
"<a href=""https://bc.ctvnews.ca/privacy-keeps-everybody-safe-officials-defend-tight-lipped-approach-to-covid-19-patient-info-1.4827300"">'Privacy keeps everybody safe': Officials defend tight-lipped approach to COVID-19 patient info</a>",
"<a href=""https://globalnews.ca/news/6595226/world-braces-coronavirus-outbreak/"">‘Time is everything’: How the world is preparing for a widespread COVID-19 outbreak</a>",
"<a href=""https://www.khaleejtimes.com/uae/dubai/covid-19-dubai-cancels-flights-to-Iran-over-coronavirus-fears"">Covid-19: Dubai cancels flights to Iran over coronavirus fears</a>",
"<a href=""https://www.japantimes.co.jp/opinion/2020/02/25/commentary/japan-commentary/covid-19-crisis-get-much-worse/#.Xn9ItohKiUk"">COVID-19 crisis could get much worse</a>",
"<a href=""https://www.marketwatch.com/story/covid-19-case-tally-80238-cases-2700-deaths-2020-02-25"">COVID-19 case tally: 80,238 cases, 2,700 deaths</a>",
"<a href=""https://www.medscape.com/viewarticle/925681"">Diabetes, CVD Tied to Worse Prognosis for COVID-19 Infection</a>",
