"Title ",
"<a href=""https://www.channelnewsasia.com/news/asia/south-korea-covid-19-death-new-cases-feb-26-12471026"">South Korea COVID-19 cases exceeds 1,200; US soldier among new cases</a>",
"<a href=""https://edition.cnn.com/2020/02/25/asia/novel-coronavirus-covid-update-us-soldier-intl-hnk/index.html"">Coronavirus has now spread to every continent except Antarctica</a>",
"<a href=""https://www.iflscience.com/health-and-medicine/iranian-health-minister-gives-covid19-press-conference-while-visibly-coming-down-with-covid19/"">Iranian Health Minister Gives COVID-19 Press Conference While Visibly Coming Down With COVID-19</a>",
"<a href=""https://yubanet.com/california/cdc-confirms-possible-first-instance-of-covid-19-community-transmission-in-california/"">CDC Confirms Possible First Instance of COVID-19 Community Transmission in California</a>",
"<a href=""https://apnews.com/57c459c8dc61a6b2d22c55d60ec64dcf"">With first case, Latin America prepares for COVID-19 virus</a>",
"<a href=""https://globalnews.ca/news/6598474/brazil-confirms-covid-19-case-first-in-south-america/"">Brazil confirms COVID-19 case, first in South America</a>",
"<a href=""https://news.sky.com/story/coronavirus-crisis-crowd-of-sellers-as-covid-19-spreads-in-europe-11943386"">Coronavirus crisis: Markets volatile again as COVID-19 spreads in Europe</a>",
"<a href=""https://www.bbc.com/news/world-asia-51624624"">Coronavirus: Could North Korea handle a Covid-19 outbreak?</a>",
"<a href=""https://www.channelnewsasia.com/news/world/uae-worst-case-coronavirus-scenarios-government-12472136"">UAE ready for 'worst case' COVID-19 scenarios, says government</a>",
"<a href=""https://www.channelnewsasia.com/news/world/covid-19-coronavirus-pandemic-new-infections-china-who-12472998"">More COVID-19 new infections outside China than inside: WHO</a>",
"<a href=""https://www.newscientist.com/article/2235342-covid-19-why-wont-the-who-officially-declare-a-coronavirus-pandemic/"">Covid-19: Why won't the WHO officially declare a coronavirus pandemic?</a>",
"<a href=""https://www.channelnewsasia.com/news/world/greece-confirms-first-coronavirus-case-covid-19-12472830"">Greece confirms first COVID-19 case</a>",
"<a href=""https://www.globenewswire.com/news-release/2020/02/26/1991074/0/en/Novavax-Advances-Development-of-Novel-COVID-19-Vaccine.html"">Novavax Advances Development of Novel COVID-19 Vaccine</a>",
"<a href=""https://www.pharmaceutical-technology.com/news/us-trial-gilead-remdesivir-covid-19/"">US begins trial of Gilead’s remdesivir in Covid-19 patients</a>",
"<a href=""https://www.marketplace.org/2020/02/26/lack-sick-leave-us-problem-in-coronavirus-outbreak/"">America’s lack of sick leave is a problem in COVID-19 outbreak</a>",
