"Title ",
"<a href=""https://www.channelnewsasia.com/news/asia/covid19-south-korea-coronavirus-toll-feb-27-12474620"">South Korea reports 505 new COVID-19 cases, raising total to 1,766</a>",
"<a href=""https://foreignpolicy.com/2020/02/27/coronavirus-south-korea-cults-conservatives-china/"">Cults and Conservatives Spread Coronavirus in South Korea</a>",
"<a href=""https://www.ship-technology.com/news/diamond-princess-coronavirus-covid-19-cases-705/"">Diamond Princess Covid-19 update: Confirmed cases rise to 705</a>",
"<a href=""http://www.cidrap.umn.edu/news-perspective/2020/02/feds-allow-state-public-health-labs-test-covid-19"">Feds to allow state public health labs to test for COVID-19</a>",
"<a href=""https://theconversation.com/government-triggers-emergency-plan-for-covid-19-pandemic-and-considers-economic-assistance-132610"">Government triggers emergency plan for COVID-19 pandemic, and considers economic assistance</a>",
"<a href=""https://www.euronews.com/2020/02/27/north-korea-imposes-extraordinary-measures-against-covid-19"">North Korea imposes 'extraordinary' measures against COVID-19</a>",
"<a href=""http://www.xinhuanet.com/english/2020-02/28/c_138827178.htm"">Nigeria's first COVID-19 case recorded in commercial hub</a>",
"<a href=""https://www.thestar.com.my/news/regional/2020/02/27/expert-believes-covid-19-epidemic-in-china-will-be-over-by-late-april"">Expert believes Covid-19 epidemic in China will be over by late April</a>",
"<a href=""https://www.channelnewsasia.com/news/asia/south-korea-drive-through-coronavirus-test-facilities-12477046"">South Korea launches 'drive-thru' COVID-19 testing facilities as demand soars</a>",
"<a href=""https://globalnews.ca/news/6606736/quebec-first-presumptive-coronavirus-case/"">Montreal has first presumptive case of COVID-19: Quebec health minister</a>",
"<a href=""https://www.newstalk.com/news/irans-vice-president-tests-positive-covid-19-974625"">A vice president of Iran has contracted the coronavirus, a state-owned newspaper there says.</a>",
"<a href=""https://www.thestar.com.my/news/nation/2020/02/27/one-new-covid-19-case-in-malaysia-two-more-discharged"">One new Covid-19 case in Malaysia, two more discharged</a>",
"<a href=""https://www.cfr.org/blog/who-and-china-dereliction-duty"">The WHO and China: Dereliction of Duty</a>",
