"Title ",
"<a href=""https://www.bloomberg.com/news/articles/2020-01-05/singapore-reports-first-suspected-pneumonia-case-linked-to-wuhan"">Singapore Reports First Suspected Pneumonia Case Linked to Wuhan</a>",
"<a href=""https://www.statnews.com/2020/01/05/cause-of-mysterious-pneumonia-cases-still-unknown-chinese-say/"">Cause of Wuhan’s mysterious pneumonia cases still unknown, Chinese officials say</a>",
"<a href=""https://elevenmyanmar.com/news/wuhan-pneumonia-first-suspected-case-reported-in-singapore"">Wuhan pneumonia: First suspected case reported in Singapore</a>",
"<a href=""https://www.theage.com.au/world/asia/world-health-organisation-to-monitor-mysterious-china-infection-outbreak-20200105-p53p07.html"">World Health Organisation to monitor China's mysterious infection outbreak</a>",
"<a href=""https://ottawacitizen.com/news/world/mysterious-pneumonia-outbreak-not-sars-mers-or-bird-flu-china/wcm/e4902b68-ae09-4032-ac20-60047d47a351/"">Mysterious pneumonia outbreak not SARS, MERS or bird flu: China</a>",
"<a href=""https://www.thestar.com.my/news/regional/2020/01/05/hong-kong-raises-china-pneumonia-outbreak-level-to-039serious039"">Hong Kong raises China pneumonia outbreak level to 'serious'</a>",
"<a href=""https://news.mb.com.ph/2020/01/05/7-more-hong-kong-patients-treated-for-mystery-disease/"">7 more Hong Kong patients treated for mystery disease</a>",
"<a href=""https://www.dailystar.co.uk/news/world-news/china-struggles-identify-mystery-virus-21218256"">China struggles to identify mystery virus as 59 people now infected with fever</a>",
"<a href=""https://www.scmp.com/news/hong-kong/health-environment/article/3044723/six-more-hong-kong-patients-hospitalised-over?utm_source=TodayOnline&utm_medium=partner&utm_campaign=contentexchange"">China says Wuhan pneumonia not Sars, but virus remains unidentified, more people hospitalised</a>",
"<a href=""https://www.todayonline.com/singapore/tests-show-chinese-girl-warded-pneumonia-travel-history-wuhan-not-linked-outbreak-china"">Recent Outbreak Of Mysterious Respiratory Illness In China Puts Asia On High Alert</a>",
"<a href=""https://www.worldofbuzz.com/wuhan-viral-outbreak-a-3yo-girl-in-singapore-is-suspected-to-be-infected-with-the-flu-like-virus/"">Wuhan Viral Outbreak: A 3yo Girl in Singapore is Suspected to Be Infected with The Flu-Like Virus</a>",
"<a href=""https://sg.news.yahoo.com/wuhan-virus-outbreak-3-yearold-girls-case-not-linked-to-china-cluster-says-moh-042052993.html"">Wuhan virus outbreak: 3-year-old girl's case not linked to China cluster, says MOH</a>",
"<a href=""https://www.thestar.com.my/news/regional/2020/01/05/thailand-on-alert-after-pneumonia-outbreak-in-china-and-hk"">Thailand on alert after pneumonia outbreak in China and HK</a>",
"<a href=""https://globalnews.ca/news/6368329/hong-kong-mystery-disease/"">7 more patients in Hong Kong treated for mystery respiratory disease</a>",
"<a href=""https://www.englishforums.com/news/hk-pneumonia-outbreak-serious-response/"">HK pneumonia outbreak: Alert level raised to ‘serious response’/</a>",
"<a href=""https://www.bangkokpost.com/thailand/general/1829219/arrivals-from-from-chinas-wuhan-scanned-for-pneumonia"">Arrivals from China's Wuhan scanned for pneumonia</a>",
"<a href=""https://www.straitstimes.com/world/1st-suspected-case-of-wuhan-virus-in-spore"">1st suspected case of Wuhan virus in S'pore</a>",
"<a href=""https://www.dw.com/en/china-rules-out-sars-as-dozens-struck-by-pneumonia-like-virus/a-51893193"">China rules out SARS as dozens struck by pneumonia-like virus</a>",
"<a href=""https://www.bbc.com/news/world-asia-china-51000910"">China pneumonia: Sars ruled out as dozens fall ill in Wuhan</a>",
"<a href=""https://www.taiwannews.com.tw/en/news/3850666"">8 passengers from Wuhan to Taiwan exhibit fever amid mystery pneumonia outbreak</a>",
"<a href=""https://www.thejakartapost.com/life/2020/01/05/china-pneumonia-outbreak-spurs-who-action-as-mystery-lingers.html"">China pneumonia outbreak spurs WHO action as mystery lingers</a>",
"<a href=""https://news.yahoo.com/mysterious-virus-central-china-infected-075213819.html"">A Second Travel-Related Case of Coronavirus Has Been Confirmed in the U.S. Here's What to Know</a>",
"<a href=""http://outbreaknewstoday.com/sars-mers-ruled-out-in-china-pneumonia-cluster-40965/"">SARS, MERS ruled out in China pneumonia cluster</a>",
"<a href=""https://www.newser.com/story/285219/mystery-illness-hits-city.html"">'Mystery Illness' Hits City</a>",
"<a href=""https://news.cgtn.com/news/2020-01-05/Not-SARS-Pneumonia-cases-in-Wuhan-rise-to-59-with-7-critical--N0RLgbNSYU/index.html"">Not SARS: Pneumonia cases in Wuhan rise to 59 with 7 critical</a>",
"<a href=""http://www.taipeitimes.com/News/front/archives/2020/01/05/2003728732"">Outbreak in China: HK steps up response to new disease from China</a>",
"<a href=""https://www.taiwannews.com.tw/en/news/3850533"">Singaporean develops pneunomia after China trip, raises fears of mystery virus</a>",
"<a href=""http://www.xinhuanet.com/english/2020-01/05/c_138680341.htm"">Viral pneumonia cases rise to 59 in central China</a>",
"<a href=""https://reliefweb.int/report/china/pneumonia-unknown-cause-china"">Pneumonia of unknown cause – China</a>",
