"Title ",
"<a href=""https://www.npr.org/sections/goatsandsoda/2020/02/28/810452948/who-says-risk-of-covid-19-is-now-very-high-at-a-global-level"">Coronavirus Updates: CDC Announces '4 New Presumptive Cases' In The U.S.</a>",
"<a href=""https://www.daijiworld.com/news/newsDisplay.aspx?newsID=679341"">COVID-19: US county declares public health emergency</a>",
"<a href=""https://www.forbes.com/sites/victoriaforster/2020/02/28/six-people-from-the-diamond-princess-cruise-ship-have-now-died-from-covid-19-after-quarantine-failure/#3965b4663654"">Six People From The Diamond Princess Cruise Ship Have Now Died From COVID-19 After Quarantine Failure</a>",
"<a href=""https://www.ship-technology.com/news/covid-19-meraviglia/"">Covid-19: Mexican authorities confirm no cases on MSC Meraviglia</a>",
"<a href=""https://www.bbc.com/news/world-middle-east-51673053"">Coronavirus: Iran's deaths at least 210, hospital sources say</a>",
"<a href=""http://www.cidrap.umn.edu/news-perspective/2020/02/states-start-testing-covid-19-screening-more-broadly"">States start testing for COVID-19, screening more broadly</a>",
"<a href=""https://globalnews.ca/news/6607481/nigeria-first-case-covid-19/"">Italian man confirmed as Nigeria’s first case of COVID-19: health minister</a>",
"<a href=""https://www.channelnewsasia.com/news/asia/covid19-south-korea-coronavirus-toll-feb-28-12479352"">South Korea COVID-19 cases exceed 2,000</a>",
"<a href=""https://news.un.org/en/story/2020/02/1058331"">Coronavirus COVID-19 risk increased to ‘very high’ but containment still possible</a>",
"<a href=""https://www.abc.net.au/news/2020-02-28/coronavirus-updates-live/12009652"">Coronavirus update: Latest news on COVID-19 after Australia activates emergency plan</a>",
"<a href=""https://www.nejm.org/doi/full/10.1056/NEJMp2003762"">Responding to Covid-19 — A Once-in-a-Century Pandemic?</a>",
"<a href=""https://www.sciencedaily.com/releases/2020/02/200228142018.htm"">Novel coronavirus (COVID-19) imaging features overlap with SARS and MERS</a>",
"<a href=""https://www.cnbc.com/2020/02/28/who-raises-risk-assessment-of-coronavirus-to-very-high-at-global-level.html"">WHO raises coronavirus threat assessment to its highest level: ‘Wake up. Get ready. This virus may be on its way’</a>",
"<a href=""https://www.marketplace.org/2020/02/28/covid-19-coronavirus-consumer-spending/"">How will COVID-19 affect consumer spending?</a>",
