"Title ",
"<a href=""http://www.cidrap.umn.edu/news-perspective/2020/02/first-us-covid-19-death-reported-feds-expand-travel-ban"">First US COVID-19 death reported; feds expand travel ban</a>",
"<a href=""https://globalnews.ca/news/6614761/covid-19-worldwide-cases-first-us-death/"">COVID-19: More than 85,000 cases worldwide so far with death toll over 2,900</a>",
"<a href=""https://www.aljazeera.com/news/2020/02/coronavirus-outbreak-bigger-latest-updates-200228232914773.html"">WHO : COVID-19 cases jump in Iran as Italy toll rises: Live updates</a>",
"<a href=""https://www.nbcsandiego.com/news/local/san-diegans-on-impact-of-covid-19-travel-restrictions/2275552/"">San Diegans on Impact of COVID-19 Travel Restrictions</a>",
"<a href=""https://www.theguardian.com/world/2020/feb/29/italy-and-france-ban-public-gatherings-as-coronavirus-cases-spread"">First coronavirus death in the US as Italy and France cancel public events</a>",
"<a href=""https://news.ontario.ca/mohltc/en/2020/02/ontario-confirms-new-positive-cases-of-covid-19.html"">Ontario Confirms New Positive Cases of COVID-19</a>",
"<a href=""https://globalnews.ca/news/6612991/iran-coronavirus-testing/"">Iran prepares to test ‘tens of thousands’ for COVID-19 as cases spike</a>",
"<a href=""http://www.cidrap.umn.edu/news-perspective/2020/02/three-states-report-new-community-spread-covid-19"">Three states report new community spread of COVID-19</a>",
"<a href=""https://africatimes.com/2020/02/29/south-african-cruise-ship-workers-test-positive-for-covid-19/"">South African cruise ship workers test positive for COVID-19</a>",
"<a href=""https://eu.lohud.com/story/news/health/2020/02/29/new-york-gets-fda-approval-test-coronavirus-amid-covid-19-outbreak/4914036002/"">Coronavirus: New York gets approval to begin COVID-19 testing in state lab immediately</a>",
"<a href=""https://globalnews.ca/news/6613298/pakistan-four-cases-coronavirus/"">COVID-19: Pakistan confirms 4th case of new coronavirus</a>",
"<a href=""https://www.yaktrinews.com/potential-case-of-coronavirus-covid-19-under-investigation-in-yakima/"">Potential case of coronavirus (COVID-19) under investigation in Yakima</a>",
"<a href=""https://globalnews.ca/news/6613863/italy-coronavirus-covid-cases-deaths/"">COVID-19: Italy’s death toll hits 29 while total cases top 1,100</a>",
"<a href=""https://www.npr.org/2020/02/28/810576944/covid-19-update-south-carolina-primary-day-afghanistan-deal-signing"">COVID-19 Update, South Carolina Primary Day, Afghanistan Deal Signing</a>",
