"Title ",
"<a href=""https://www.nytimes.com/2020/03/01/health/coronavirus-washington-spread.html"">Coronavirus May Have Spread in U.S. for Weeks, Gene Sequencing Suggests</a>",
"<a href=""https://www.axios.com/cdc-lab-coronavirus-contaminated-6dc9726d-dea3-423f-b5ad-eb7b1e44c2e2.html"">Scoop: Lab for coronavirus test kits may have been contaminated</a>",
"<a href=""https://nypost.com/2020/03/01/first-case-of-coronavirus-confirmed-in-manhattan/"">First case of coronavirus confirmed in New York City</a>",
"<a href=""https://www.forbes.com/sites/ninashapiro/2020/03/01/covid-19-fears-create-more-opportunity-for-predatory-scams/#54537e09a37d"">Fears Of The COVID-19 Coronavirus Provide More Opportunity For Misinformation About ‘Miracle Cures’</a>",
"<a href=""https://www.nytimes.com/2020/03/01/upshot/coronavirus-sick-days-service-workers.html"">NASA images show China pollution clears as coronavirus shuts factories</a>",
"<a href=""https://www.nytimes.com/2020/03/01/upshot/coronavirus-sick-days-service-workers.html"">Avoiding Coronavirus May Be a Luxury Some Workers Can’t Afford</a>",
"<a href=""https://www.nytimes.com/2020/03/01/us/coronavirus-us-politics.html"">How Coronavirus Is Already Being Viewed Through a Partisan Lens</a>",
"<a href=""https://www.businessinsider.com/who-joins-tiktok-to-share-information-about-the-coronavirus-2020-3"">The World Health Organization joined TikTok to post 'reliable' advice about the coronavirus amid a stream of memes and misinformation</a>",
"<a href=""https://www.theguardian.com/commentisfree/2020/mar/01/faced-with-coronavirus-covid-19-boris-johnston-must-stop-playing-invisible-man"">Faced with the coronavirus, Boris Johnson must stop playing the invisible man</a>",
"<a href=""https://www.who.int/news-room/detail/01-03-2020-un-releases-us-15-million-to-help-vulnerable-countries-battle-the-spread-of-the-coronavirus"">UN releases US$15 million to help vulnerable countries battle the spread of the coronavirus</a>",
"<a href=""https://www.bbc.com/news/uk-northern-ireland-51695480"">Coronavirus: 'Extremely serious' concerns on potential tourism impact</a>",
"<a href=""https://www.cnbc.com/2020/03/01/who-chief-on-coronavirus-global-markets-should-calm-down-see-reality.html"">WHO chief on coronavirus: Global markets ‘should calm down and try to see the reality’</a>",
"<a href=""https://www.aljazeera.com/news/2020/03/china-coronavirus-patients-cured-200301135019963.html"">China says more than half of coronavirus patients cured</a>",
"<a href=""https://www.aljazeera.com/news/2020/03/qatar-bans-travellers-egypt-coronavirus-fears-200301163724833.html"">Qatar bans travellers from Egypt over coronavirus fears</a>",
"<a href=""https://www.dw.com/en/german-supermarkets-report-coronavirus-panic-buying/a-52597644"">German supermarkets report coronavirus panic-buying</a>",
"<a href=""https://www.cnbc.com/2020/03/01/coronavirus-is-significant-threat-to-economy-and-trump-mark-zandi.html"">Coronavirus pandemic would spark deep recession and pose a ‘significant threat’ to Trump’s re-election, top economist Mark Zandi says</a>",
"<a href=""https://www.theguardian.com/world/2020/mar/01/the-worst-case-scenario-for-coronavirus-dr-jonathan-quick-q-and-a-laura-spinney"">Epidemics expert Jonathan Quick: ‘The worst-case scenario for coronavirus is likely’</a>",
"<a href=""https://www.forbes.com/sites/kenrapoza/2020/03/01/coronavirus-could-be-the-end-of-china-as-global-manufacturing-hub/#73ae433e5298"">Coronavirus Could Be The End Of China As A Global Manufacturing Hub</a>",
