"Title ",
"<a href=""https://www.bbc.com/news/world-51712437"">Coronavirus: World in 'uncharted territory'</a>",
"<a href=""https://www.foreignaffairs.com/articles/china/2020-03-02/what-world-can-learn-chinas-experience-coronavirus"">What the World Can Learn From China’s Experience With Coronavirus</a>",
"<a href=""https://www.theverge.com/2020/3/2/21161824/coronavirus-death-life-care-washington-testing-surveillance"">New coronavirus deaths in Washington show why widespread testing matters</a>",
"<a href=""https://www.wsj.com/articles/coronavirus-spreading-faster-outside-china-than-within-11583142293"">U.S. Coronavirus Death Toll Climbs to Six as Virus Spreads World-Wide</a>",
"<a href=""https://www.nytimes.com/2020/03/02/us/politics/trump-coronavirus.html"">Trump Presses Drug Industry to Help Contain Coronavirus</a>",
"<a href=""https://www.snopes.com/fact-check/trump-coronavirus-rally-remark/"">Did President Trump Refer to the Coronavirus as a ‘Hoax’?</a>",
"<a href=""https://www.clickorlando.com/health/2020/03/02/this-map-shows-where-coronavirus-is-the-worst/"">This map shows where coronavirus is the worst</a>",
"<a href=""https://www.forbes.com/sites/rachelsandler/2020/03/02/how-the-cdc-botched-its-initial-coronavirus-response-with-faulty-tests/#55385014670e"">How The CDC Botched Its Initial Coronavirus Response With Faulty Tests</a>",
"<a href=""https://www.reuters.com/article/us-health-coronavirus-italy/italy-coronavirus-deaths-jump-to-52-cases-climb-above-2000-idUSKBN20P19J"">Italy coronavirus deaths jump to 52, cases climb above 2,000</a>",
"<a href=""https://www.nytimes.com/2020/03/02/us/coronavirus-florida.html"">Unexplained Coronavirus Transmission in Florida Prompts Worries of More Cases</a>",
"<a href=""https://www.bbc.com/news/world-latin-america-51704319"">Coronavirus: Ecuador reports five new cases</a>",
"<a href=""https://www.globalcitizen.org/en/content/bill-gates-coronavirus-COVID-19-pandemic-plan/"">Bill Gates on Coronavirus: 5 Things World Leaders Must Do Right Away</a>",
"<a href=""https://edition.cnn.com/2020/03/02/business/oecd-global-economy/index.html"">Coronavirus is plunging the global economy into its worst crisis since 2009</a>",
"<a href=""https://www.theguardian.com/world/2020/mar/02/first-coronavirus-cases-confirmed-in-indonesia-amid-fears-nation-is-ill-prepared-for-outbreak"">First coronavirus cases confirmed in Indonesia amid fears nation is ill-prepared for outbreak</a>",
"<a href=""https://www.businessinsider.com/two-amazon-employees-italy-coronavirus-2020-3"">Two Amazon employees in Italy have contracted the coronavirus</a>",
"<a href=""https://edition.cnn.com/2020/03/02/health/surgeon-general-coronavirus-masks-risk-trnd/index.html"">Masks may actually increase your coronavirus risk if worn improperly, surgeon general warns</a>",
"<a href=""https://www.middleeastmonitor.com/20200302-kuwait-suspends-visas-for-egyptians-over-coronavirus-fears/"">Kuwait suspends visas for Egyptians over coronavirus fears</a>",
"<a href=""https://www.theguardian.com/world/2020/mar/02/italys-coronavirus-death-toll-rises"">Italy's coronavirus death toll rises to 52</a>",
"<a href=""https://www.bbc.com/news/uk-51708550"">Coronavirus cases in UK could rise 'significantly', says PM</a>",
