"Title ",
"<a href=""https://www.nytimes.com/2020/03/03/world/middleeast/coronavirus-iran.html"">Iran’s Coronavirus Response: Pride, Paranoia, Secrecy, Chaos</a>",
"<a href=""https://www.nytimes.com/2020/03/03/us/coronavirus-washington-death.html"">Coronavirus Deaths Tied to Nursing Center Came Earlier Than Anyone Knew</a>",
"<a href=""https://www.statnews.com/2020/03/03/washington-state-risks-seeing-explosion-in-coronavirus-without-dramatic-action-new-analysis-says/"">Washington State risks seeing explosion in coronavirus cases without dramatic action, new analysis says</a>",
"<a href=""https://www.nytimes.com/2020/03/03/nyregion/coronavirus-new-york-state.html"">Second Case of Coronavirus in N.Y. Sets Off Search for Others Exposed</a>",
"<a href=""https://www.theguardian.com/world/2020/mar/04/new-zealand-records-second-coronavirus-case-in-woman-arriving-from-italy"">New Zealand records second coronavirus case in woman arriving from Italy</a>",
"<a href=""https://edition.cnn.com/2020/03/03/uk/coronavirus-assault-student-london-scli-intl-gbr/index.html"">East Asian student assaulted in 'racist' coronavirus attack in London</a>",
"<a href=""https://www.aljazeera.com/news/2020/03/coronavirus-deaths-china-cases-slow-live-updates-200303003539680.html"">Coronavirus deaths in Italy at 79, China cases slow: Live updates</a>",
"<a href=""https://www.bbc.com/news/uk-wales-51720534"">Coronavirus could peak in May or June, Wales' top doctor says</a>",
"<a href=""https://www.bbc.com/news/business-51720267"">Coronavirus: G7 finance ministers 'ready to tackle economic hit'</a>",
"<a href=""https://www.bbc.com/news/world-middle-east-51723398"">Coronavirus: Iran temporarily frees 54,000 prisoners to combat spread</a>",
"<a href=""https://finance.yahoo.com/news/who-world-health-organisation-coronavirus-banknotes-warning-111019361.html"">Banknotes may be spreading coronavirus, World Health Organisation warns</a>",
"<a href=""https://www.newsobserver.com/news/local/article240750876.html"">North Carolina has its first reported case of coronavirus</a>",
"<a href=""https://www.theguardian.com/commentisfree/2020/mar/03/coronavirus-conspiracy-theories-virus-social-media"">Why conspiracy theories spread faster than coronavirus</a>",
"<a href=""https://www.livescience.com/how-deadly-is-coronavirus-covid-19.html"">How deadly is the new coronavirus? Data from the spread of US cases could help answer that.</a>",
"<a href=""https://www.theguardian.com/world/2020/mar/03/explained-uk-coronavirus-action-plan"">Explained: UK's coronavirus action plan</a>",
"<a href=""https://www.npr.org/sections/goatsandsoda/2020/03/03/809904660/why-the-death-rate-from-coronavirus-is-plunging-in-china"">Why The Death Rate From Coronavirus Is Plunging In China</a>",
"<a href=""https://www.theguardian.com/politics/2020/mar/03/boris-fails-to-convince-with-sanitised-take-on-coronavirus"">Boris fails to convince with sanitised take on coronavirus</a>",
"<a href=""https://www.snopes.com/fact-check/coronavirus-warm-weather/"">Will Warm Weather Kill Coronavirus?</a>",
