"Title ",
"<a href=""https://www.politico.com/news/2020/03/04/house-coronavirus-funding-121065"">House swiftly passes bipartisan $8.3B coronavirus package</a>",
"<a href=""https://www.aljazeera.com/news/2020/03/coronavirus-deadlier-flu-containable-200304070940007.html"">Coronavirus deadlier than flu, but containable: WHO</a>",
"<a href=""https://www.businessinsider.com/who-confirms-coronavirus-global-death-rate-rises-fatalities-numbers-2020-3"">The latest coronavirus death rate is 3.4% — higher than earlier figures. Older patients face the highest risk.</a>",
"<a href=""https://www.businessinsider.com/coronavirus-compared-to-flu-mortality-rates-2020-3"">The flu and the new coronavirus have similar symptoms, but the coronavirus is far deadlier — here's how the 2 compare</a>",
"<a href=""https://nypost.com/2020/03/04/after-first-coronavirus-death-california-declares-state-of-emergency/"">After first coronavirus death, California declares state of emergency</a>",
"<a href=""https://www.npr.org/sections/health-shots/2020/03/04/812121540/coronavirus-los-angeles-declares-emergency-and-u-s-reports-80-cases-in-13-states"">Coronavirus Deaths In Washington State And California, Where Gov. Declares Emergency</a>",
"<a href=""https://www.aljazeera.com/news/2020/03/global-sports-face-unprecedented-test-coronavirus-outbreak-200303195953135.html"">Global sports face 'unprecedented' test amid coronavirus outbreak</a>",
"<a href=""https://www.nytimes.com/2020/03/04/nyregion/coronavirus-nyc-yeshiva-university.html"">9 New Cases of Coronavirus in N.Y., All Connected to Westchester Man</a>",
"<a href=""https://www.theverge.com/2020/3/4/21165244/amazon-price-gouging-coronavirus-hand-sanitizer-face-masks-senator-ed-markey-letter"">Senator slams Amazon over coronavirus price gouging on hand sanitizer and face masks</a>",
"<a href=""https://fortune.com/2020/03/04/coronavirus-mutating-second-strain-covid-19-wuhan-china/"">Coronavirus is mutating: Chinese scientists find second strain</a>",
"<a href=""https://www.aljazeera.com/news/2020/03/italy-death-toll-jumps-global-outbreak-deepens-live-updates-200303233420584.html"">Italy coronavirus death toll to 107, 3,089 cases: Live updates</a>",
"<a href=""https://foreignpolicy.com/2020/03/04/beijing-china-government-believe-coronavirus-outbreak-lockdown-conspiracy/"">What Does Beijing Believe About the Coronavirus?</a>",
"<a href=""https://www.theguardian.com/world/2020/mar/04/italy-orders-closure-of-schools-and-universities-due-to-coronavirus"">Italy orders closure of all schools and universities due to coronavirus</a>",
"<a href=""https://www.aljazeera.com/news/2020/03/egypt-bars-qataris-coronavirus-fears-200304143933690.html"">Egypt bars Qataris over coronavirus fears</a>",
"<a href=""https://www.theguardian.com/world/2020/mar/05/coronavirus-darwin-tourist-becomes-first-in-nt-to-test-positive-as-australian-cases-rise-to-52"">Coronavirus: containment is now 'unlikely', says NSW health minister</a>",
"<a href=""https://www.voanews.com/science-health/coronavirus-outbreak/why-taiwan-has-just-42-coronavirus-cases-while-neighbors-report"">Why Taiwan Has Just 42 Coronavirus Cases while Neighbors Report Hundreds or Thousands</a>",
"<a href=""https://www.wsj.com/articles/hackers-target-companies-with-fake-coronavirus-warnings-11583267812"">Hackers Target Companies With Coronavirus Scams</a>",
"<a href=""https://www.theguardian.com/world/2020/mar/05/chinese-social-media-censoring-officially-sanctioned-facts-on-coronavirus"">Chinese social media censoring 'officially sanctioned facts' on coronavirus</a>",
"<a href=""https://thenextweb.com/insights/2020/03/04/scientists-need-your-computing-power-to-find-a-cure-for-coronavirus/"">Scientists need your computing power to find a cure for coronavirus</a>",
"<a href=""https://www.theguardian.com/world/2020/mar/04/donald-trump-obama-administration-coronavirus"">Trump attempts to blame Obama for coronavirus test kit shortage</a>",
