"Title ",
"<a href=""https://www.latimes.com/science/story/2020-03-05/flu-killed-more-people-coronavirus-covid-19"">The flu has killed far more people than coronavirus. So why all the frenzy about COVID-19?</a>",
"<a href=""https://www.bbc.com/news/world-middle-east-51751952"">Coronavirus: Iraq reports first two confirmed deaths as fears rise</a>",
"<a href=""https://edition.cnn.com/2020/03/05/asia/coronavirus-covid-19-update-india-intl-hnk/index.html"">India identifies 29 coronavirus cases as global infections top 95,000</a>",
"<a href=""https://www.aljazeera.com/news/2020/03/coronavirus-spain-advises-companies-send-workers-home-200305122238765.html"">Coronavirus: Spain advises companies to send workers home</a>",
"<a href=""https://nypost.com/2020/03/05/coronavirus-in-ny-9-new-cases-confirmed-including-first-in-nassau-county/"">Coronavirus in NY: 9 new cases confirmed, including first in Nassau County</a>",
"<a href=""https://www.livescience.com/should-schools-close-for-coronavirus.html"">Should schools close for coronavirus?</a>",
"<a href=""https://www.livescience.com/us-coronavirus-vaccine-trial-recruiting.html"">First coronavirus vaccine trial in the US is recruiting volunteers</a>",
"<a href=""https://www.nytimes.com/2020/03/05/world/asia/japan-abe-coronavirus.html"">Shinzo Abe, Japan’s Political Houdini, Can’t Escape Coronavirus Backlash</a>",
"<a href=""https://www.nytimes.com/2020/03/05/business/stock-market-covid-19.html"">Stocks Plunge Again on Coronavirus Fears</a>",
"<a href=""https://www.bbc.com/news/uk-51759602"">Coronavirus: Woman in 70s becomes first virus fatality in UK</a>",
"<a href=""https://www.bbc.com/news/world-us-canada-51740706"">Coronavirus: California declares emergency after death</a>",
"<a href=""https://www.latimes.com/california/story/2020-03-04/los-angeles-county-declares-coronavirus-emergency-6-new-cases"">Grand Princess cruise ship at center of coronavirus fight amid concerns about spread</a>",
"<a href=""https://www.npr.org/2020/03/05/812519679/trumps-gut-collides-with-science-on-coronavirus-messaging"">Trump's Gut Collides With Science On Coronavirus Messaging</a>",
"<a href=""https://www.aljazeera.com/news/2020/03/backs-83bn-funds-china-death-toll-tops-3000-live-updates-200305000715579.html"">Death toll from coronavirus in Italy rises to 148: Live updates</a>",
"<a href=""https://edition.cnn.com/2020/03/05/politics/mike-pence-coronavirus-testing-trump/index.html"">Pence admits 'we don't have enough tests' to meet demands as delay in coronavirus testing persists</a>",
"<a href=""https://www.bbc.com/news/world-africa-51752974"">Coronavirus: South Africa's President Ramaphosa warns of crisis</a>",
"<a href=""https://edition.cnn.com/2020/03/05/world/coronavirus-australia-toilet-paper-scli-intl/index.html"">Australian paper prints blank pages to help tackle toilet paper shortage</a>",
"<a href=""https://www.cbsnews.com/live-updates/coronavirus-outbreak-death-toll-us-infections-latest-news-updates-2020-03-05/"">WHO urges nations to pull ""out all the stops"" in coronavirus fight: ""This is not a drill""</a>",
"<a href=""https://www.scmp.com/news/china/society/article/3065091/coronavirus-recovered-patient-dies-china-reports-139-new-cases"">Coronavirus: ‘recovered’ patient dies as China reports discharged cases falling ill again</a>",
"<a href=""https://www.rt.com/news/482405-iran-coronavirus-us-biological-weapon/"">Сoronavirus may be a product of US ‘biological attack’ aimed at Iran & China, IRGC chief claims</a>",
