"Title ",
"<a href=""https://www.npr.org/sections/health-shots/2020/03/06/812833596/coronavirus-14-deaths-now-in-u-s-new-cases-in-maryland-colorado"">Coronavirus: 21 People On Grand Princess Cruise Ship Test Positive</a>",
"<a href=""https://edition.cnn.com/2020/03/06/politics/donald-trump-coronavirus-messaging-confusion/index.html"">Trump muddles coronavirus message as response team struggles to match 'wishful thinking'</a>",
"<a href=""https://edition.cnn.com/2020/03/06/media/sxsw-preparation-coronavirus/index.html"">SXSW is canceled over coronavirus concerns</a>",
"<a href=""https://www.inquirer.com/health/coronavirus/coronavirus-covid-19-pennsylvania-first-confirmed-cases-20200306.html"">Coronavirus cases identified in Delaware County and South Jersey, and Gov. Wolf urges calm</a>",
"<a href=""https://techcrunch.com/2020/03/06/facebook-face-masks-coronavirus/"">Facebook bans face mask ads to fight coronavirus price gouging</a>",
"<a href=""https://www.reuters.com/article/us-health-coronavirus/coronavirus-infects-100000-plus-worldwide-21-cases-found-on-ship-off-san-francisco-idUSKBN20T1G4"">Coronavirus infects 100,000-plus worldwide, 21 cases found on ship off San Francisco</a>",
"<a href=""https://www.bbc.com/news/business-51766782"">Coronavirus: Fear returns to stock markets</a>",
"<a href=""https://www.aljazeera.com/news/2020/03/coronavirus-cases-india-200305091138840.html"">All you need to know about coronavirus cases in India</a>",
"<a href=""https://www.fool.com/investing/2020/03/06/is-there-a-cure-for-the-coronavirus.aspx"">Is There a Cure for the SARS-CoV-2 Coronavirus?</a>",
"<a href=""https://www.bbc.com/news/uk-51771116"">Coronavirus: UK to spend £46m more in fight against disease</a>",
"<a href=""https://spectator.sme.sk/c/22351796/coronavirus-confirmed-in-slovakia.html"">Coronavirus confirmed in Slovakia</a>",
"<a href=""https://spectator.sme.sk/c/22350514/bratislava-secondary-school-closed-over-covid-19-suspicion.html"">UPDATED: Bratislava secondary school closed over COVID-19 suspicion</a>",
"<a href=""https://edition.cnn.com/2020/03/06/football/inter-milan-steven-zhang-coronavirus-serie-a-spt-intl/index.html"">Despite coronavirus concerns, Inter Milan president Steven Zhang confident Serie A season will be completed</a>",
"<a href=""https://www.sciencefocus.com/news/coronavirus-aggressive-l-type-strain-affecting-70-per-cent-of-cases/"">Coronavirus: aggressive ‘L type’ strain affecting 70 per cent of cases</a>",
"<a href=""https://www.bbc.com/news/uk-wales-51766298"">Coronavirus: Drive-through testing centre launched in Wales</a>",
"<a href=""https://www.nytimes.com/2020/03/06/opinion/coronavirus-schools-closed.html"">Coronavirus School Closings: Don’t Wait Until It’s Too Late</a>",
"<a href=""https://www.aljazeera.com/news/2020/03/bethlehem-lockdown-coronavirus-cases-confirmed-200307054939115.html"">Bethlehem under lockdown after coronavirus cases confirmed</a>",
"<a href=""https://www.cnbc.com/2020/03/06/coronavirus-in-europe-italy-france-uk-germany-see-higher-cases.html"">It’s ‘unreal’ in Italy as coronavirus cases top 3,800; France infections rise sharply</a>",
