"Title ",
"<a href=""https://www.theguardian.com/world/2020/mar/07/italy-set-to"">Italy set to quarantine whole of Lombardy due to coronavirus</a>",
"<a href=""https://www.theguardian.com/world/2020/mar/07/uk-coronavirus-total-infected-covid-19-passes-200"">New York declares state of emergency over coronavirus outbreak</a>",
"<a href=""https://www.cnbc.com/2020/03/07/new-york-governor-andrew-cuomo-declares-state-of-emergency-over-coronavirus-outbreak.html"">New York declares state of emergency over coronavirus outbreak</a>",
"<a href=""https://www.nytimes.com/2020/03/07/us/politics/trump-coronavirus-messaging.html"">Anyone Who Wants a Coronavirus Test Can Have One, Trump Says. Not Quite, Says His Administration.</a>",
"<a href=""https://www.bbc.com/news/world-middle-east-51783242"">Coronavirus: Cases jump in Iran and Italy</a>",
"<a href=""https://www.livescience.com/coronavirus-how-to-self-quarantine.html"">How to self-quarantine during coronavirus outbreak</a>",
"<a href=""https://www.theguardian.com/world/2020/mar/07/italy-democratic-leader-nicola-zingaretti-coronavirus"">Leader of Italian Democratic party has coronavirus</a>",
"<a href=""https://www.aljazeera.com/news/2020/03/taiwan-reins-spread-coronavirus-countries-stumble-200307034353325.html"">How to control the spread of the coronavirus: Lessons from Taiwan</a>",
"<a href=""https://edition.cnn.com/asia/live-news/coronavirus-outbreak-03-07-20-intl-hnk/h_c199c1d91d1cc2b6a29fddc400e1ef7c"">March 7 coronavirus news</a>",
"<a href=""https://www.aljazeera.com/news/2020/03/coronavirus-wreaks-havoc-italy-tests-limits-health-system-200307112350888.html"">Leap in coronavirus cases tests limits of Italy's health system</a>",
"<a href=""https://www.politico.com/news/2020/03/07/coronavirus-washington-dc-first-case-123431"">Trump 'not concerned' as first coronavirus case confirmed in Washington, D.C.</a>",
"<a href=""https://www.bloomberg.com/news/articles/2020-03-07/italy-to-impose-virtual-ban-on-entry-to-lombardy-corriere"">Italy Locks Down Rich North as Conte Tries to Contain Panic</a>",
"<a href=""https://www.ft.com/content/248396a6-5f89-11ea-b0ab-339c2307bcd4"">China exports plummet by 17% as coronavirus takes its toll</a>",
"<a href=""https://www.latimes.com/california/story/2020-03-07/coronavirus-cases-keep-rising-la-california-what-you-need-to-know"">Coronavirus cases keep rising in Los Angeles, across California: Here is what you need to know</a>",
"<a href=""https://www.politico.com/news/magazine/2020/03/07/coronavirus-epidemic-prediction-policy-advice-121172"">We Predicted a Coronavirus Pandemic. Here’s What Policymakers Could Have Seen Coming.</a>",
"<a href=""https://cointelegraph.com/news/bitcoin-coronavirus-search-traffic-overtakes-bitcoin-halving"">https://cointelegraph.com/news/bitcoin-coronavirus-search-traffic-overtakes-bitcoin-halving</a>",
"<a href=""https://www.axios.com/china-domestic-violence-coronavirus-quarantine-7b00c3ba-35bc-4d16-afdd-b76ecfb28882.html"">China's domestic violence epidemic</a>",
"<a href=""https://cointelegraph.com/news/coronavirus-plagues-us-crypto-conferences"">https://cointelegraph.com/news/coronavirus-plagues-us-crypto-conferences</a>",
"<a href=""https://www.theguardian.com/commentisfree/picture/2020/mar/07/boris-johnson-in-the-shadow-of-coronavirus-cartoon"">Boris Johnson in the shadow of coronavirus – cartoon</a>",
