"Title ",
"<a href=""https://www.theverge.com/2020/3/8/21170612/state-department-cruise-ship-coronavirus-trump"">State Department warns against cruise ship travel because of coronavirus risk</a>",
"<a href=""https://www.forbes.com/sites/tamarathiessen/2020/03/08/forget-travels-to-milan-venice-northern-italy-coronavirus-quarantine/#36169aaa128e"">Coronavirus: Forget Travels To Milan, Venice As Italy Locks Down 16M Residents</a>",
"<a href=""https://www.bbc.com/news/uk-scotland-51792637"">Number of Scottish coronavirus cases rises to 18</a>",
"<a href=""https://www.aljazeera.com/news/2020/03/coronavirus-death-toll-reaches-19-york-declares-emergency-200308064614290.html"">US coronavirus death toll reaches 21</a>",
"<a href=""https://www.reuters.com/article/us-health-coronavirus-france/france-bans-large-gatherings-as-coronavirus-toll-rises-idUSKBN20V0WW"">France bans large gatherings as coronavirus toll rises</a>",
"<a href=""https://www.npr.org/sections/goatsandsoda/2020/03/08/813401722/who-official-says-coronavirus-containment-remains-possible"">WHO Official Says Coronavirus Containment Remains Possible</a>",
"<a href=""https://www.reuters.com/article/us-health-coronavirus-egypt/egypt-reports-first-coronavirus-fatality-as-german-tourist-dies-idUSKBN20V0QJ"">Egypt reports first coronavirus fatality as German tourist dies</a>",
"<a href=""https://www.ft.com/content/3ba863e8-e684-328b-abe1-5aae1d6a8f9d"">China coronavirus quarantine hotel collapse kills 10</a>",
"<a href=""https://www.vaticannews.va/en/pope/news/2020-03/pope-francis-prays-for-those-affected-by-coronavirus-angelus.html"">Pope Francis prays for those affected by coronavirus</a>",
"<a href=""https://www.nasdaq.com/articles/costa-rica-raises-coronavirus-cases-to-9-including-3-americans-2020-03-08"">Costa Rica raises coronavirus cases to 9, including 3 Americans</a>",
"<a href=""https://newsnow.tasr.sk/featured/two-new-cases-of-coronavirus-confirmed-in-slovakia-schools-close-in-bratislava/"">Two New Cases of Coronavirus Confirmed in Slovakia; Schools Close in Bratislava</a>",
"<a href=""https://www3.nhk.or.jp/nhkworld/en/news/20200308_24/"">More coronavirus cases confirmed in Japan</a>",
"<a href=""https://www.bbc.com/news/business-51777274"">Big banks brace for the coronavirus</a>",
"<a href=""https://www.nytimes.com/2020/03/08/world/europe/coronavirus-europe.html"">Europe, With Eye on Italy Coronavirus Quarantine, Plans Next Moves</a>",
"<a href=""https://www.timesofisrael.com/israeli-rabbi-blames-coronavirus-outbreak-on-gay-pride-parades/"">Israeli rabbi: Coronavirus outbreak is divine punishment for gay pride parades</a>",
"<a href=""https://www.weforum.org/agenda/2020/03/how-governments-can-soften-the-economic-blow-of-coronavirus/"">How governments can soften the economic blow of Coronavirus</a>",
"<a href=""https://www.cnbc.com/2020/03/08/plummeting-oil-prices-and-mortgage-rates-could-boost-consumers.html"">Plummeting oil prices and mortgage rates could boost consumers rattled by coronavirus fears</a>",
"<a href=""https://nypost.com/2020/03/08/everything-officials-have-revealed-about-new-yorks-13-coronavirus-cases/"">Everything officials have revealed about New York’s 13 coronavirus cases</a>",
"<a href=""https://www.thestar.com.my/news/regional/2020/03/08/philippines-raises-alert-over-coronavirus-after-local-transmission"">Philippines raises alert over coronavirus after local transmission</a>",
"<a href=""https://www.reuters.com/article/us-health-coronavirus-japan-case/japans-kobe-confirms-coronavirus-case-in-woman-in-her-40s-idUSKBN20W05D"">Japan's Kobe confirms coronavirus case in woman in her 40s</a>",
