"Title ",
"<a href=""https://www.hongkongfp.com/2020/01/02/hong-kong-resident-tests-negative-sars-travelling-mainland-city-amid-pneumonia-outbreak/"">Woman tests negative for SARS after travelling to mainland city amid pneumonia outbreak</a>",
"<a href=""https://www.hongkongfp.com/2020/01/06/hong-kong-steps-response-china-pneumonia-outbreak/"">Hong Kong steps up response to China pneumonia outbreak</a>",
"<a href=""https://www.msn.com/en-us/health/other/china-pneumonia-outbreak-it-s-not-sars-so-what-is-it/ar-BBYEJ2k"">China pneumonia outbreak: It's not SARS, so what is it?</a>",
"<a href=""https://www.deccanherald.com/international/world-news-politics/china-rules-out-sars-in-mystery-viral-outbreak-791756.html"">China rules out SARS in mystery viral outbreak </a>",
"<a href=""https://www.businesstimes.com.sg/government-economy/china-rules-out-sars-in-mystery-viral-pneumonia-outbreak"">China rules out SARS in mystery viral pneumonia outbreak</a>",
"<a href=""https://globalnews.ca/news/6371133/china-virus-pneumonia/"">Mystery virus in China isn’t SARS, officials say, so what is it?</a>",
"<a href=""https://www.freemalaysiatoday.com/category/world/2020/01/06/singapore-says-pneumonia-case-not-linked-to-wuhan-outbreak/"">Singapore says pneumonia case not linked to Wuhan outbreak</a>",
"<a href=""https://www.thestandard.com.hk/breaking-news/section/3/139484/Wuhan-says-59-infected-with-viral-pneumonia-as-of-last-Wednesday,-166-under-surveillance"">Wuhan says 59 infected with viral pneumonia as of last Wednesday, 166 under surveillance</a>",
"<a href=""https://www.dailystar.co.uk/news/world-news/hospitals-put-alert-mystery-plague-21223123"">Hospitals put on alert as mystery plague spreads from China to Hong Kong</a>",
"<a href=""https://www.ibtimes.sg/mysterious-virus-outbreak-china-it-sars-37201"">Mysterious virus outbreak in China, Is it SARS? </a>",
"<a href=""https://www.nst.com.my/world/world/2020/01/553918/7-more-hospitalised-hong-kong-mysterious-pneumonia-all-had-visited-wuhan"">7 more hospitalised in Hong Kong with mysterious pneumonia; all had visited Wuhan</a>",
"<a href=""https://www.thephuketnews.com/phuket-health-officials-scan-chinese-tourist-arrivals-for-wuhan-flu-74258.php"">Phuket health officials scan Chinese tourist arrivals for Wuhan flu</a>",
"<a href=""https://www.telegraph.co.uk/global-health/science-and-disease/chinese-authorities-scramble-identify-cause-mysterious-disease/"">Chinese authorities scramble to identify cause of mysterious disease outbreak</a>",
"<a href=""https://www.businessinsider.sg/sars-ruled-out-as-cause-of-wuhan-virus-who-says-no-evidence-of-human-to-human-transmission"">Sars ruled out as cause of Wuhan virus; WHO says no evidence of human-to-human transmission</a>",
"<a href=""https://www.9news.com.au/world/mystery-illness-hits-china-and-hong-kong/ca6c276f-039c-463b-9d07-541ec2a3ac84"">Mystery illness hits China and Hong Kong</a>",
"<a href=""https://www.nst.com.my/news/nation/2020/01/553847/asia-alert-over-pneumonia-outbreak"">Asia on alert over pneumonia outbreak</a>",
"<a href=""https://www.rfa.org/english/news/china/wuhan-outbreak-01062020151510.html"">China Says Mystery Viral Pneumonia Outbreak in Wuhan Isn't SARS</a>",
"<a href=""https://www.thetimes.co.uk/article/chinese-city-admits-mystery-pneumonia-virus-outbreak-mntbxfmvz"">Chinese city admits mystery ‘pneumonia’ virus outbreak</a>",
"<a href=""https://www.firstpost.com/health/mystery-pneumonia-virus-from-china-spreads-to-hong-kong-are-we-prepared-for-a-new-epidemic-7867491.html"">Mystery pneumonia virus from China spreads to Hong Kong: Are we prepared for a new epidemic?</a>",
"<a href=""https://untvweb.com/news/china-rules-out-sars-as-cases-of-mysterious-viral-pneumonia-climbs-to-59/"">China rules out SARS as cases of ‘mysterious viral pneumonia’ climbs to 59</a>",
"<a href=""https://coconuts.co/singapore/news/sick-girl-not-stricken-with-mystery-chinese-pneumonia-virus-singapore-health-ministry/"">Sick girl not stricken with mystery Chinese virus: Singapore health ministry</a>",
"<a href=""https://elevenmyanmar.com/news/3-year-old-girl-with-pneumonia-and-travel-history-to-wuhan-is-not-linked-to-outbreak-in-china"">3-year-old girl with pneumonia and travel history to Wuhan is not linked to outbreak in China: MOH</a>",
"<a href=""https://www.straitstimes.com/asia/east-asia/wuhan-pneumonia-outbreak-china-says-no-human-to-human-transmission-as-it-hunts-for"">Wuhan pneumonia outbreak: China rules out Sars as source; WHO says no evidence of human-to-human transmission</a>",
"<a href=""https://www.wsj.com/articles/health-officials-work-to-solve-chinas-mystery-virus-outbreak-11578308757"">Health Officials Work to Solve China’s Mystery Virus Outbreak</a>",
"<a href=""https://www.theonlinecitizen.com/2020/01/06/moh-suspected-case-is-not-linked-to-pneumonia-cluster-in-wuhan/"">MOH: Suspected case is not linked to pneumonia cluster in Wuhan</a>",
"<a href=""https://www.moodiedavittreport.com/mystery-wuhan-viral-pneumonia-is-not-sars-say-chinese-authorities/"">Mystery Wuhan viral pneumonia is not SARS, say Chinese authorities</a>",
"<a href=""https://www.straitstimes.com/asia/east-asia/hk-activates-serious-response-level-as-its-wuhan-flu-cases-rise-to-15"">Hong Kong activates 'serious response' level as its Wuhan flu cases rise to 15</a>",
"<a href=""https://thethaiger.com/news/national/viral-pneumonia-outbreak-in-china-prompts-airport-checkpoints-for-thai-bound-passengers"">Viral pneumonia outbreak in China prompts airport checkpoints for Thai-bound passengers</a>",
"<a href=""https://www.express.co.uk/news/world/1224520/china-news-lung-disease-outbreak-pneumonia-who-health-officials-baffled"">China outbreak: Mystery lung disease leaves health officials baffled</a>",
"<a href=""https://www.thesun.co.uk/news/10681566/mystery-virus-china-sars-health-alert-fever/"">VIRAL PLAGUE Mystery virus that causes lung lesions sweeps China baffling experts and putting Asia on alert</a>",
"<a href=""https://www.nst.com.my/news/nation/2020/01/553993/moh-closely-monitoring-pneumonia-symptoms"">MoH closely monitoring pneumonia-like symptoms</a>",
"<a href=""https://abcnews.go.com/Health/mystery-pneumonia-outbreak-sickens-dozens-china/story?id=68094861"">Mysterious pneumonia outbreak sickens dozens in China</a>",
"<a href=""https://www.ejinsight.com/eji/article/id/2346746/20200106-wuhan-linked-pneumonia-cases-in-hk-double-after-8-more-reported"">Wuhan-linked pneumonia cases in HK double after 8 more reported</a>",
"<a href=""https://fit.thequint.com/health-news/mysterious-virus-hits-china"">A Mysterious Virus Puts China, Rest of Asia on Edge</a>",
"<a href=""https://www.axios.com/china-pneumonia-oubtreak-wuhan-e2ef8914-6bd7-46db-814d-1609d590ee07.html"">China hunts cause of mysterious pneumonia outbreak in Wuhan</a>",
"<a href=""https://thethaiger.com/hot-news/tourism/aot-sets-up-checkpoints-to-check-passengers-from-wuhan-china-for-virus"">AOT sets up checkpoints to check passengers from Wuhan, China for virus</a>",
"<a href=""https://news.cgtn.com/news/2020-01-06/WHO-advises-no-measure-for-travelers-amid-China-s-pneumonia-outbreak-N1yWosgxoI/index.html"">WHO advises no measure for travelers amid China's pneumonia outbreak</a>",
"<a href=""https://www.traveldailymedia.com/mysterious-viral-illness-in-china-sows-fears-in-asia/"">Mysterious viral illness in China sows fear in Asia</a>",
"<a href=""https://www.vice.com/en_in/article/3a8ny5/china-mystery-viral-pneumonia"">What We Know About the Mysterious Cases of Pneumonia Spreading in China</a>",
"<a href=""https://www.sciencealert.com/claims-of-sars-outbreak-in-china-are-untrue-but-there-is-a-mystery-virus"">A Mystery Virus Has Infected Dozens in China. Officials Have Ruled Out SARS</a>",
"<a href=""https://www.newsweek.com/mystery-viral-infection-china-sars-1480505"">MYSTERY VIRAL INFECTION IN CHINA HAS EXPERTS BAFFLED AS SARS RULED OUT</a>",
"<a href=""https://www.ibtimes.com/china-says-mystery-viral-pneumonia-not-feared-sars-virus-2897016"">China Says Mystery Viral Pneumonia Is Not The Feared SARS Virus</a>",
"<a href=""https://www.bangkokpost.com/thailand/general/1829279/anutin-calls-for-calm-over-viral-outbreak"">Anutin calls for calm over viral outbreak</a>",
"<a href=""https://nextshark.com/sars-china-health-viral-pneumonia/"">China Suffers From Mystery Virus Outbreak After 59 People Fall Ill</a>",
"<a href=""https://www.scientificamerican.com/article/cause-of-wuhans-mysterious-pneumonia-cases-still-unknown-chinese-officials-say/"">Cause of Wuhan’s Mysterious Pneumonia Cases Still Unknown, Chinese Officials Say</a>",
"<a href=""https://www.bloombergquint.com/china/china-finds-no-human-to-human-spread-in-widening-pneumonia-cases"">China Pneumonia Outbreak Widens to 59 Amid Hunt for Source</a>",
