"Title ",
"<a href=""https://www.theverge.com/2020/3/9/21172390/italy-lockdown-coronavirus-expansion-lombardy"">All of Italy is being placed on lockdown due to coronavirus</a>",
"<a href=""https://foreignpolicy.com/2020/03/09/italy-covid19-coronavirus-conte-salvini-epidemic-politicians-are-making-crisis-worse/"">Italy’s Politicians Are Making the Coronavirus Crisis Worse</a>",
"<a href=""https://www.theguardian.com/world/2020/mar/09/italian-hospitals-short-beds-coronavirus-death-toll-jumps"">Italian hospitals short of beds as coronavirus death toll jumps</a>",
"<a href=""https://edition.cnn.com/2020/03/09/politics/coronavirus-donald-trump-health-politics/index.html"">Trump dodges responsibility as coronavirus spreads and markets crash</a>",
"<a href=""https://www.bbc.com/news/world-middle-east-51801968"">Coronavirus: Iran reports leap in death toll</a>",
"<a href=""https://edition.cnn.com/2020/03/09/europe/ireland-cancels-st-patricks-day-trnd/index.html"">Ireland cancels St. Patrick's Day parades over coronavirus fears</a>",
"<a href=""https://www.thelocal.fr/20200309/coronavirus-what-restrictions-are-there-on-daily-life-in-france"">How will France's new coronavirus restrictions affect daily life?</a>",
"<a href=""https://cruxnow.com/vatican/2020/03/pope-prays-for-coronavirus-victims-at-live-broadcast-of-morning-mass/"">Pope prays for coronavirus victims at live broadcast of morning Mass</a>",
"<a href=""https://www.voanews.com/science-health/coronavirus-outbreak/where-investigation-report-coronavirus-whistleblower"">Where Is Investigation Report Into Coronavirus Whistleblower?</a>",
"<a href=""https://www.businessinsider.com/who-threat-of-coronavirus-pandemic-very-real-2020-3"">The World Health Organization says the threat of a coronavirus pandemic 'has become very real' as global cases surpass 110,000</a>",
"<a href=""https://www.aljazeera.com/news/2020/03/italy-coronavirus-toll-soars-north-sealed-live-updates-200308235426110.html"">Threat of coronavirus pandemic 'very real': Live updates</a>",
"<a href=""https://nypost.com/2020/03/09/human-lab-rats-needed-would-you-get-infected-with-coronavirus-for-4500/"">Human lab rats needed: Would you get infected with coronavirus for $4,500?</a>",
"<a href=""https://www.theguardian.com/world/2020/mar/09/panic-hits-global-markets-amid-threat-of-coronavirus-and-oil-price-slump"">Panic hits global markets amid threat of coronavirus and oil price slump</a>",
"<a href=""https://www.bbc.com/news/uk-51796072"">Coronavirus: UK to remain in 'containment' phase of response</a>",
"<a href=""https://edition.cnn.com/2020/03/09/asia/south-korea-coronavirus-intl-hnk/index.html"">South Korea has 'passed the peak' of the coronavirus outbreak, health minister hopes</a>",
"<a href=""https://www.france24.com/en/20200309-france-s-culture-minister-has-coronavirus"">France's culture minister has coronavirus</a>",
"<a href=""https://www.theguardian.com/politics/2020/mar/09/johnsons-coronavirus-press-conference-is-anything-but-reassuring"">Johnson's coronavirus press conference is anything but reassuring</a>",
"<a href=""https://edition.cnn.com/2020/03/08/investing/stock-dow-futures-coronavirus/index.html"">US stocks halted after falling 7%. Global stocks plunge as oil crashes and coronavirus fear spreads</a>",
"<a href=""https://nypost.com/2020/03/09/coronavirus-in-ny-head-of-port-authority-rick-cotton-has-coronavirus/"">Coronavirus in NY: Head of Port Authority Rick Cotton has coronavirus</a>",
"<a href=""https://www.npr.org/sections/goatsandsoda/2020/03/09/813725832/coronavirus-israel-will-require-quarantine-for-everyone-entering-country"">Coronavirus: Israel Will Require Quarantine For Everyone Entering The Country</a>",
