"Title ",
"<a href=""https://www.theatlantic.com/international/archive/2020/03/italy-coronavirus-covid19-restrictions-democracy/607729/"">Italy Shut Down. Which Country Will Be Next?</a>",
"<a href=""https://www.npr.org/sections/health-shots/2020/03/10/814099444/new-york-creates-containment-area-around-cluster-in-new-rochelle"">Coronavirus: New York Creates 'Containment Area' Around Cluster In New Rochelle</a>",
"<a href=""https://time.com/5799586/italy-coronavirus-outbreak/"">Why Is Italy's Coronavirus Outbreak So Bad?</a>",
"<a href=""https://www.bbc.com/news/uk-51812326"">Coronavirus: UK tactics defended as cases expected to rise</a>",
"<a href=""https://www.aljazeera.com/news/2020/03/trump-democrats-odds-coronavirus-economic-proposals-200310173515585.html"">Trump, Democrats at odds over coronavirus economic proposals</a>",
"<a href=""https://www.businessinsider.com/angela-merkel-estimates-coronavirus-will-hit-large-majority-german-population-2020-3"">Angela Merkel estimates that 60% to 70% of the German population will contract the coronavirus</a>",
"<a href=""https://www.bbc.com/news/business-51799142"">Coronavirus: Korean Air fighting for 'survival'</a>",
"<a href=""https://www.aljazeera.com/news/2020/03/italy-coronavirus-quarantine-live-updates-200309234533285.html"">Italy records highest single toll from coronavirus: Live updates</a>",
"<a href=""https://www.bbc.com/news/uk-51822618"">Coronavirus: UK virus cases rise again as sixth person dies</a>",
"<a href=""https://www.theguardian.com/world/2020/mar/11/australia-to-unveil-24bn-coronavirus-health-package-including-pop-up-fever-clinics"">Australia to unveil $2.4bn coronavirus health package including pop-up fever clinics</a>",
"<a href=""https://edition.cnn.com/2020/03/10/health/coronavirus-q-and-a-tuesday-march-10/index.html"">7 of your latest coronavirus questions, answered</a>",
"<a href=""https://www.theguardian.com/world/2020/mar/10/california-coronavirus-homeless-communities"">'We're not prepared': coronavirus could devastate homeless communities</a>",
"<a href=""https://www.bbc.com/news/uk-51827356"">Coronavirus: Health minister Nadine Dorries tests positive</a>",
"<a href=""https://www.cnbc.com/2020/03/10/coronavirus-cases-could-reach-64000-in-washington-state-by-may-governor-says.html"">Coronavirus cases could reach 64,000 in Washington state by May, governor says</a>",
"<a href=""https://www.theverge.com/2020/3/10/21173742/mark-zuckerberg-chan-initiative-coronavirus-san-francisco-testing-increase-facebook"">Mark Zuckerberg’s philanthropy groups will fund a quadruple increase in Bay Area coronavirus testing</a>",
"<a href=""https://www.cnbc.com/2020/03/11/us-coronavirus-cases-surpass-1000-johns-hopkins-university-data-shows.html"">US coronavirus cases surpass 1,000, up nearly ten-fold in a week</a>",
"<a href=""https://www.bloomberg.com/news/articles/2020-03-10/coronavirus-is-making-life-hell-for-china-s-tech-workers"">Coronavirus Is Making Life Hell for China’s Tech Workers</a>",
"<a href=""https://www.al-monitor.com/pulse/originals/2020/03/israel-cogat-coronavirus-crossborder-cooperation-environment.html"">Coronavirus oblivious to Israeli, Palestinian borders</a>",
"<a href=""https://www.aljazeera.com/indepth/features/health-expert-coronavirus-lethality-italy-higher-china-200310120514339.html"">Health expert: 'Coronavirus lethality in Italy higher than China'</a>",
"<a href=""https://www.dailymail.co.uk/news/article-8095021/The-Pope-urges-priests-visit-coronavirus-sufferers.html"">The Pope urges priests to visit coronavirus sufferers as he celebrates Mass in the Vatican alone on livestream amid Italy's lockdown</a>",
"<a href=""https://martechtoday.com/coronavirus-creating-disruption-uncertainty-for-digital-marketing-ecosystem-239191"">Coronavirus creating disruption, uncertainty for digital marketing ecosystem</a>",
"<a href=""https://factcheck.afp.com/unicef-officials-refute-false-claim-agency-released-coronavirus-prevention-guidelines"">UNICEF officials refute false claim that agency released coronavirus prevention guidelines</a>",
