"Title ",
"<a href=""https://www.nytimes.com/2020/03/11/us/politics/trump-coronavirus-speech.html"">Read President Trump’s Speech on Coronavirus Pandemic: Full Transcript</a>",
"<a href=""https://www.theverge.com/2020/3/11/21175944/trump-coronavirus-covid-19-travel-ban-europe-financial-relief-emergency-declaration"">Trump bans most travel from Europe for 30 days amid coronavirus pandemic</a>",
"<a href=""https://www.bbc.com/news/world-51839944"">Coronavirus confirmed as pandemic by World Health Organization</a>",
"<a href=""https://www.bloomberg.com/news/articles/2020-03-11/coronavirus-a-pandemic-who-says-in-urging-governments-to-act"">WHO Calls Coronavirus a Pandemic as Nations Brace for Pain</a>",
"<a href=""https://www.npr.org/sections/health-shots/2020/03/11/814460233/coronavirus-1-000-cases-now-in-u-s-and-it-s-going-to-get-worse-fauci-says"">Coronavirus: Over 1,000 Cases Now In U.S., And 'It's Going To Get Worse,' Fauci Says</a>",
"<a href=""https://edition.cnn.com/2020/03/11/asia/coronavirus-covid-19-update-intl-hnk/index.html"">Coronavirus outbreak worsens in Italy and Japan, as situation stabilizes in China</a>",
"<a href=""https://www.theverge.com/2020/3/11/21174674/greta-thunberg-coronavirus-climate-change-protests-online-covid19"">Greta Thunberg urges climate protests to move online because of coronavirus outbreaks</a>",
"<a href=""https://www.timesofisrael.com/iran-announces-63-new-virus-deaths-highest-single-day-toll/"">Iran announces 63 new virus deaths, highest single-day toll</a>",
"<a href=""https://www.aljazeera.com/news/2020/03/qatar-coronavirus-cases-jump-238-day-200311154834214.html"">Qatar's coronavirus cases jump by 238 in one day</a>",
"<a href=""https://www.theverge.com/2020/3/11/21173157/coronavirus-health-effects-age-covid-risk-diabetes-hypertension-disease-isolation"">Here’s who’s most at risk from the novel coronavirus</a>",
"<a href=""https://www.aljazeera.com/news/2020/03/homeless-coronavirus-outbreak-200311121536154.html"">Homeless amid the coronavirus outbreak</a>",
"<a href=""https://www.nytimes.com/2020/03/11/world/europe/italy-coronavirus.html"">For Italians, Dodging Coronavirus Has Become a Game of Chance</a>",
"<a href=""https://edition.cnn.com/2020/03/10/africa/zimbabwe-patient-runs-coronavirus-test/index.html"">Patient who 'absconded' Zimbabwe hospital tests negative for coronavirus</a>",
"<a href=""https://spectator.sme.sk/c/22355659/three-new-cases-of-coronavirus-confirmed-in-slovakia.html"">Three new cases of coronavirus confirmed in Slovakia </a>",
"<a href=""https://carnegieendowment.org/2020/03/11/what-coronavirus-means-for-china-s-foreign-policy-pub-81259"">What the Coronavirus Means for China’s Foreign Policy</a>",
"<a href=""https://www.axios.com/coronavirus-supply-chains-china-46d82a0f-9f52-4229-840a-936822ddef41.html"">Coronavirus has disrupted supply chains for nearly 75% of U.S. companies</a>",
"<a href=""https://www.cnbc.com/2020/03/11/coronavirus-economic-impact-could-last-a-year-singapore-foreign-minister.html"">HEALTH AND SCIENCE Global coronavirus outbreak has ‘exploded’ and the aftermath could last a year, Singapore’s foreign minister says</a>",
"<a href=""https://www.bbc.com/news/technology-51836036"">Coronavirus: World's biggest gaming show E3 cancelled</a>",
