"Title ",
"<a href=""https://thenextweb.com/shareables/2020/03/12/pornhub-free-italy-coronavirus/"">Pornhub is handing out free premium subscriptions to help Italy fight coronavirus</a>",
"<a href=""https://www.theguardian.com/world/2020/mar/13/how-taiwan-is-containing-coronavirus-despite-diplomatic-isolation-by-china"">How Taiwan is containing coronavirus – despite diplomatic isolation by China</a>",
"<a href=""https://www.nytimes.com/2020/03/12/world/europe/coronavirus-eu-trump.html"">Coronavirus Tests Europe’s Cohesion, Alliances and Even Democracy</a>",
"<a href=""https://www.bbc.com/news/world-us-canada-51818627"">Coronavirus: Is the US testing more than South Korea?</a>",
"<a href=""https://www.vox.com/future-perfect/2020/3/12/21175990/trump-coronavirus-speech-oval-office-travel-ban"">Trump’s coronavirus speech was deeply flawed — but he got one critical thing right</a>",
"<a href=""https://www.aljazeera.com/news/2020/03/bolsonaro-aide-met-trump-tests-positive-covid-19-200312160741118.html"">Bolsonaro aide who met Trump tests positive for coronavirus</a>",
"<a href=""https://www.bbc.com/sport/basketball/51847482"">Coronavirus: NBA, NHL, MLS suspend seasons, MLB delays start of 2020 campaign</a>",
"<a href=""https://www.nst.com.my/world/world/2020/03/574002/dont-panic-says-us-woman-who-recovered-coronavirus"">'Don't panic' says US woman who recovered from coronavirus</a>",
"<a href=""https://www.bbc.com/news/world-us-canada-51860529"">Coronavirus: US is failing on testing, says Fauci</a>",
"<a href=""https://www.bbc.com/news/world-europe-51852320"">Coronavirus: Italy says 1,000 have died but lockdown can work</a>",
"<a href=""https://www.theguardian.com/world/2020/mar/12/coronavirus-as-many-as-10000-in-britain-may-already-have-it-says-pm"">Coronavirus: as many as 10,000 in Britain may already have it, says PM</a>",
"<a href=""https://www.theguardian.com/world/2020/mar/12/uk-moves-to-delay-phase-of-coronavirus-plan"">Johnson: many more people will lose loved ones to coronavirus</a>",
"<a href=""https://www.theguardian.com/commentisfree/2020/mar/12/trump-coronavirus-ban-travel-backfired"">Trump’s coronavirus ban on travel from the EU is backfiring already</a>",
"<a href=""https://www.bbc.com/news/uk-northern-ireland-51850811"">Coronavirus: Republic of Ireland to close schools and colleges</a>",
"<a href=""https://time.com/5801507/coronavirus-india/"">India Is the World's Second-Most Populous Country. Can It Handle the Coronavirus Outbreak?</a>",
"<a href=""https://www.coindesk.com/mass-surveillance-threatens-personal-privacy-amid-coronavirus"">Mass Surveillance Threatens Personal Privacy Amid Coronavirus</a>",
"<a href=""https://www.huffpost.com/entry/can-you-get-coronavirus-again-after_l_5e6a8e2fc5b6dda30fc57d7d?guccounter=1&guce_referrer=aHR0cHM6Ly93d3cuZ29vZ2xlLmNvbS8&guce_referrer_sig=AQAAANEdVBcrB5isMjXJ2JJa5soW9kU1fJG4CSVFlhcHiCNTHonLLwciwD8B9imiwKeuXkGdoJoae-GDWjwb-0aAOOW43F5rsfBXjasAA6qavMIskO-lASi8xWXUrzaq7M4IjgtAN1f96qeslvHjP8SApt4GzhO4WCfT6ckKGDyVXAwY"">Can You Get Coronavirus Again After You've Already Had It?</a>",
"<a href=""https://www.theguardian.com/world/2020/mar/12/eu-condemns-donald-trump-coronavirus-travel-ban"">Coronavirus: EU states take radical steps to stem spread</a>",
"<a href=""https://www.nytimes.com/2020/03/12/us/coronavirus-testing-challenges.html"">Sick People Across the U.S. Say They Are Being Denied the Coronavirus Test</a>",
"<a href=""https://seenews.com/news/slovenia-to-halve-2020-gdp-growth-fcast-on-coronavirus-report-690555"">Slovenia to halve 2020 GDP growth fcast on coronavirus - report</a>",
"<a href=""https://www.bbc.com/news/av/world-europe-51863483/coronavirus-there-is-a-way-to-defeat-this-virus-italian-minister"">Coronavirus: 'There is a way to defeat this virus' - Italian minister</a>",
