"Title ",
"<a href=""https://www.bbc.com/news/world-asia-india-51866903"">Coronavirus: Second death confirmed in India</a>",
"<a href=""https://www.bbc.com/news/science-environment-51874084"">Coronavirus: Why is the UK not shutting schools like other countries?</a>",
"<a href=""https://www.nytimes.com/2020/03/13/world/europe/coronavirus-britain-boris-johnson.html"">As Europe Shuts Down, Britain Takes a Different, and Contentious, Approach</a>",
"<a href=""https://www.vox.com/2020/3/13/21177850/coronavirus-covid-19-recession-stock-market-economy-jobs-stimulus"">“This feels much worse than 2008”: Obama’s chief economist on coronavirus’s economic threat</a>",
"<a href=""https://www.aljazeera.com/news/2020/03/brazil-bolsonaro-tested-negative-coronavirus-200313134857181.html"">Brazil's Bolsonaro says he tested negative for coronavirus</a>",
"<a href=""https://www.today.com/style/how-long-does-coronavirus-live-clothes-t175943"">How long does coronavirus live on clothes?</a>",
"<a href=""https://qz.com/1818227/the-who-says-that-dogs-cats-and-other-pets-can-get-coronavirus/"">The WHO has changed its position on coronavirus and pets</a>",
"<a href=""https://www.nytimes.com/2020/03/13/world/coronavirus-news-live-updates.html"">Pelosi and Trump Reach Deal on a Relief Package</a>",
"<a href=""https://spectator.sme.sk/c/22356864/coronavirus-slovakia-crisis-staff-prevention-measures.html"">Coronavirus will close schools, bars and airports. Crisis staff adopts precautions</a>",
"<a href=""https://nypost.com/2020/03/13/ohio-health-officials-believe-100k-in-state-have-coronavirus/"">Ohio health officials believe 100K in state have coronavirus</a>",
"<a href=""https://ec.europa.eu/commission/presscorner/detail/en/qanda_20_458"">European Coordinated Response on Coronavirus: Questions and Answers</a>",
"<a href=""https://www.snopes.com/fact-check/italy-200-deaths-24-hours/"">Did Italy Confirm Almost 200 Coronavirus Deaths in 24 Hours?</a>",
"<a href=""https://www.nytimes.com/2020/03/13/us/coronavirus-deaths-estimate.html"">Worst-Case Estimates for U.S. Coronavirus Deaths</a>",
"<a href=""https://www.npr.org/sections/health-shots/2020/03/13/815502262/flattening-a-pandemics-curve-why-staying-home-now-can-save-lives"">Flattening A Pandemic's Curve: Why Staying Home Now Can Save Lives</a>",
"<a href=""https://www.theatlantic.com/ideas/archive/2020/03/coronavirus-creating-huge-stressful-experiment-working-home/607945/"">The Coronavirus Is Creating a Huge, Stressful Experiment in Working From Home</a>",
"<a href=""https://www.bbc.com/news/world-europe-51876784"">Coronavirus: Europe now epicentre of the pandemic, says WHO</a>",
"<a href=""https://www.bbc.com/news/world-us-canada-51877359"">Coronavirus: I don't need to self-isolate, says Trump</a>",
"<a href=""https://www.aljazeera.com/news/2020/03/stocks-collapse-coronavirus-global-pandemic-live-200312235606108.html"">Coronavirus pandemic: All the latest updates</a>",
"<a href=""https://theprint.in/health/coronavirus-is-not-an-evil-chinese-bioweapon-meant-to-inflict-terror-heres-why/380612/"">Coronavirus is not an evil Chinese bioweapon meant to inflict terror. Here’s why</a>",
