"Title ",
"<a href=""https://www.cnbc.com/2020/03/14/coronavirus-live-updates-florida-cases-increase-apple-shuts-stores-outside-china.html"">France closes most stores on coronavirus fears, Spain imposes lockdown, US restricts UK travel</a>",
"<a href=""https://www.aljazeera.com/news/2020/03/trump-coronavirus-politics-pandemic-200313174546799.html"">Trump, coronavirus and the politics of a pandemic</a>",
"<a href=""https://www.bbc.com/news/world-us-canada-51891662"">Coronavirus: US to extend travel ban to UK and Ireland</a>",
"<a href=""https://www.bbc.com/news/uk-51889957"">Coronavirus: UK deaths double in 24 hours</a>",
"<a href=""https://www.bbc.com/news/uk-51882897"">Coronavirus: UK could ban mass gatherings from next week</a>",
"<a href=""https://www.theverge.com/2020/3/14/21179624/alibaba-co-founder-jack-ma-coronavirus-test-kits-masks-us"">Alibaba co-founder Jack Ma to donate coronavirus test kits and masks to the US</a>",
"<a href=""https://www.dw.com/en/hindu-group-hosts-cow-urine-drinking-party-to-ward-off-coronavirus/a-52773262"">Hindu group hosts cow urine drinking party to ward off coronavirus</a>",
"<a href=""https://www.theguardian.com/world/2020/mar/14/newborn-baby-tests-positive-for-coronavirus-in-london"">Newborn baby tests positive for coronavirus in London</a>",
"<a href=""https://www.theguardian.com/commentisfree/2020/mar/14/pornhub-forget-coronavirus-focus-on-pandemic-revenge-porn"">Pornhub should forget the coronavirus and focus on its own pandemic: revenge porn</a>",
"<a href=""https://www.nytimes.com/2020/03/14/opinion/sunday/coronavirus-paid-sick-leave.html"">The Companies Putting Profits Ahead of Public Health</a>",
"<a href=""https://www.aljazeera.com/news/2020/03/coronavirus-tests-algeria-protest-movement-200314102839379.html"">Coronavirus tests Algeria's protest movement</a>",
"<a href=""https://nypost.com/2020/03/14/heartbreaking-video-shows-coronavirus-devastating-toll-on-italy/"">Heartbreaking video shows coronavirus’ devastating toll on Italy</a>",
"<a href=""https://edition.cnn.com/2020/03/14/uk/coronavirus-boris-johnson-brexit-intl-gbr/index.html"">Coronavirus is Boris Johnson's worst nightmare</a>",
"<a href=""https://www.bbc.com/news/world-europe-51888936"">Coronavirus: Spain set to declare national lockdown</a>",
"<a href=""https://edition.cnn.com/2020/03/14/world/france-coronavirus-measures/index.html"">France to close all restaurants, cafes, cinemas and clubs due to coronavirus</a>",
"<a href=""https://www.aljazeera.com/news/2020/03/lebanon-declare-state-medical-emergency-coronavirus-200314191650361.html"">Lebanon 'to declare state of medical emergency' over coronavirus</a>",
"<a href=""https://foreignpolicy.com/2020/03/14/coronavirus-eu-abandoning-italy-china-aid/"">The EU Is Abandoning Italy in Its Hour of Need</a>",
"<a href=""https://www.businessinsider.com/italy-falling-apart-coronavirus-pandemic-doctors-tough-choices-2020-3"">How Italy spiraled from a perfectly healthy country to near collapse in 24 days as the coronavirus took hold</a>",
"<a href=""https://www.theguardian.com/business/2020/mar/14/eu-economies-divided-on-coronavirus-action"">EU leaders divided on how to protect economies after coronavirus</a>",
"<a href=""https://innovationorigins.com/dutch-researchers-find-corona-virus-antibody/"">Dutch researchers find Corona virus antibody</a>",
"<a href=""https://www.theguardian.com/world/2020/mar/14/only-36-of-britons-trust-boris-johnson-on-coronavirus-poll-finds"">Only 36% of Britons trust Boris Johnson on coronavirus, poll finds</a>",
