"Title ",
"<a href=""https://www.theguardian.com/world/2020/mar/15/coronavirus-uk-over-70s-to-be-asked-to-self-isolate-within-weeks-hancock-says"">Coronavirus: UK over-70s to be asked to stay home 'within weeks', Hancock says</a>",
"<a href=""https://www.aljazeera.com/news/2020/03/spain-france-tighten-curbs-coronavirus-fight-live-updates-200312054153018.html"">Italy reports 368 coronavirus deaths in 24 hours: Latest updates</a>",
"<a href=""https://www.bbc.com/news/world-europe-51897069"">Coronavirus: Germany to impose border controls over coronavirus</a>",
"<a href=""https://www.bbc.com/news/uk-scotland-51895936"">Coronavirus: Scottish Covid-19 testing expanded to communities</a>",
"<a href=""https://www.wired.com/story/google-coronavirus-site-testing-trump-pence/"">Google Will Make a Coronavirus Site—but Not Like Trump Said</a>",
"<a href=""https://www.forbes.com/sites/brucelee/2020/03/15/can-you-get-infected-by-coronavirus-twice-how-does-covid-19-immunity-work/#25bb16d55c0f"">Can You Get Coronavirus Twice? How Long Are You Immune After COVID-19?</a>",
"<a href=""https://www.bbc.com/news/av/world-europe-51895386/coronavirus-spain-and-italy-applaud-health-workers"">Coronavirus: Spain and Italy applaud health workers</a>",
"<a href=""https://www.nytimes.com/2020/03/15/opinion/trump-coronavirus.html"">A Complete List of Trump’s Attempts to Play Down Coronavirus</a>",
"<a href=""https://www.cnet.com/news/isis-urges-its-followers-to-beat-coronavirus-by-covering-their-sneezes/"">ISIS urges its followers to beat coronavirus by covering their sneezes</a>",
"<a href=""https://www.usnews.com/news/world/articles/2020-03-15/slovakia-declares-state-of-emergency-over-coronavirus-orders-shop-closures"">Slovakia Declares State of Emergency Over Coronavirus, Orders Shop Closures</a>",
"<a href=""https://www.zimlive.com/2020/03/15/south-africa-announces-jump-in-coronavirus-cases-to-51/"">South Africa announces jump in coronavirus cases to 51</a>",
"<a href=""https://www.bbc.com/news/world-europe-51901976"">Coronavirus: EU states record highest one-day death toll</a>",
"<a href=""https://www.nytimes.com/2020/03/15/world/europe/spain-coronavirus.html"">Spain, on Lockdown, Weighs Liberties Against Containing Coronavirus</a>",
"<a href=""https://edition.cnn.com/2020/03/15/asia/coronavirus-animals-pets-trnd/index.html"">Cats and dogs abandoned at the start of the coronavirus outbreak are now starving or being killed</a>",
"<a href=""https://www.aljazeera.com/news/2020/03/israel-anti-terror-technology-counter-coronavirus-200315090238052.html"">Israel to use 'anti-terror' technology to counter coronavirus</a>",
"<a href=""https://english.kyodonews.net/news/2020/03/e6fccb3b0905-confirmed-new-coronavirus-cases-top-1500-in-japan.html"">Confirmed new coronavirus cases top 1,500 in Japan</a>",
"<a href=""https://www.bbc.com/news/av/world-asia-51897979/coronavirus-south-korea-seeing-a-stabilising-trend"">Coronavirus: South Korea seeing a 'stabilising trend'</a>",
"<a href=""https://www.theguardian.com/world/2020/mar/15/hong-kong-with-coronavirus-curbed-protests-may-return"">Hong Kong: with coronavirus curbed, protests may return</a>",
"<a href=""https://www.bloomberg.com/news/articles/2020-03-15/u-k-not-trying-to-contain-coronavirus-singapore-minister-says"">Singapore Says U.K. Is Not Trying to Contain the Coronavirus</a>",
