"Title ",
"<a href=""https://www.ctvnews.ca/health/u-s-warns-citizens-in-china-over-mystery-pneumonia-outbreak-1.4756148"">U.S. warns citizens in China over mystery pneumonia outbreak</a>",
"<a href=""https://www.cp24.com/news/toronto-public-health-says-it-is-actively-monitoring-reports-of-mysterious-pneumonia-like-illness-in-china-1.4756795"">Toronto Public Health says it is 'actively monitoring' reports of mysterious pneumonia-like illness in China</a>",
"<a href=""https://time.com/5759289/wuhan-pneumonia-outbreak-disease/"">A Second Travel-Related Case of Coronavirus Has Been Confirmed in the U.S. Here's What to Know</a>",
"<a href=""https://www.scmp.com/news/hong-kong/health-environment/article/3044843/after-hong-kong-protests-devastation-chinese"">After Hong Kong protest devastation, Chinese University returns for new term under shadow of Wuhan pneumonia</a>",
"<a href=""https://www.newsmax.com/newsfront/china-health-officials-pneumonia/2020/01/06/id/948618/"">Chinese Officials Trying to Pinpoint Mystery Viral Pneumonia Cause</a>",
"<a href=""https://www.theepochtimes.com/asian-regions-on-high-alert-after-mysterious-virus-spreads-in-central-china_3195649.html"">Asian Regions on High Alert After Mysterious Virus Erupts in Central China</a>",
"<a href=""https://www.youtube.com/watch?v=-z27iHa9xq8"">VIDEO: Mysterious pneumonia hits China ahead of Lunar New Year</a>",
"<a href=""https://www.khaleejtimes.com/international/rest-of-asia/pneumonia-outbreak-asian-countries-on-high-alert-travel-advisory-issued"">Pneumonia outbreak: Asian countries on high alert, travel advisory issued</a>",
"<a href=""https://www.thestandard.com.hk/section-news/section/11/215139/Checkout-reveals-holes--in-Wuhan-virus-control"">Checkout reveals holes in Wuhan virus control</a>",
"<a href=""https://en.vietnamplus.vn/thailand-carries-out-preventive-measures-for-viral-outbreak/166870.vnp"">hailand carries out preventive measures for viral outbreak</a>",
"<a href=""http://www.dailymirror.lk/print/front_page/Pneumonia-outbreak-in-China-SL-to-launch-contingency-plan-if-situation-aggravates/238-180833"">Pneumonia outbreak in China SL to launch contingency plan if situation aggravates</a>",
"<a href=""https://cnnphilippines.com/news/2020/1/7/quarantine-bureau-alert-china-virus.html"">Quarantine bureau told to be alert for mysterious virus from China</a>",
"<a href=""https://www.theonlinecitizen.com/2020/01/07/mysterious-viral-pneumonia-in-wuhan-china-is-not-the-flu-like-virus-sars-said-state-health-commission/"">Mysterious viral pneumonia in Wuhan, China is not the flu-like virus SARS, said state health commission</a>",
"<a href=""https://abcnews.go.com/Health/wireStory/hong-kong-add-mystery-illness-reportable-diseases-68114682"">Hong Kong to add mystery illness to reportable diseases</a>",
"<a href=""https://newsinfo.inquirer.net/1209784/mystery-disease-china-rules-out-sars"">Mystery disease: China rules out SARS</a>",
"<a href=""https://e.vnexpress.net/news/news/vietnam-to-screen-visitors-amid-china-pneumonia-scare-4038669.html"">Vietnam to screen visitors amid China pneumonia scare</a>",
"<a href=""http://www.cidrap.umn.edu/news-perspective/2020/01/nations-step-screening-and-await-word-chinas-pneumonia-outbreak"">Nations step up screening and await word on China's pneumonia outbreak</a>",
"<a href=""https://www.straitstimes.com/asia/east-asia/mystery-wuhan-virus-not-sars-health-officials"">Mystery Wuhan virus not Sars: Health officials</a>",
"<a href=""https://www.kff.org/news-summary/chinese-health-authorities-work-to-discover-cause-of-viral-pneumonia-outbreak-cdc-issues-travel-notice-for-wuhan/"">Chinese Health Authorities Work To Discover Cause Of Viral Pneumonia Outbreak; CDC Issues Travel Notice For Wuhan</a>",
"<a href=""https://www.mirror.co.uk/news/world-news/mysterious-virus-infects-59-people-21230756"">Mysterious virus infects 59 people in China and leaves seven 'critical'</a>",
"<a href=""https://thediplomat.com/2020/01/as-china-investigates-mysterious-illness-hong-kong-steps-up-response/"">As China Investigates Mysterious Illness, Hong Kong Steps up Response</a>",
"<a href=""https://gizmodo.com/a-mysterious-virus-is-sickening-people-in-china-1840857359"">A Mysterious Virus Is Sickening People in China</a>",
"<a href=""https://www.chiangraitimes.com/thailand-national-news/news-asia-thailand/four-passengers-arriving-from-china-quarantined-in-thailand/"">Four Passengers Arriving from China Quarantined in Thailand</a>",
"<a href=""https://eu.usatoday.com/story/news/health/2020/01/07/wuhan-china-mystery-illness-health-alert-issued-americans-area/2833558001/"">Govt enhances efforts against Wuhan-linked pneumonia</a>",
"<a href=""https://www.koreatimes.co.kr/www/nation/2020/01/119_281529.html"">Authorities on alert over mysterious pneumonia from China</a>",
"<a href=""https://www.worldofbuzz.com/virus-outbreak-from-china-what-is-it-and-should-malaysians-be-worried/"">Virus Outbreak from China: What Is It and Should Malaysians Be Worried?</a>",
"<a href=""https://www.nst.com.my/opinion/leaders/2020/01/554037/nst-leader-wuhan-goes-viral"">NST Leader: Wuhan goes viral</a>",
"<a href=""https://sputniknews.com/society/202001071077969824-hong-kong-officials-suspect-pneumonia-outbreak-in-china-could-be-sars-like-disease/"">Hong Kong Officials Suspect Pneumonia Outbreak in China Could Be SARS-Like Disease</a>",
"<a href=""https://www.thatsmags.com/china/post/30493/mystery-pneumonia-cases-rise-to-59-in-china"">Mystery Pneumonia Cases Rise to 59 in China</a>",
"<a href=""https://asiatimes.com/2020/01/wuhan-disease-human-transmission-not-ruled-out/"">Wuhan disease human transmission not ruled out</a>",
"<a href=""http://www.taipeitimes.com/News/taiwan/archives/2020/01/07/2003728839"">Pneumonia outbreak not linked to SARS or MERS</a>",
"<a href=""https://www.fastcompany.com/90449262/a-mystery-virus-with-serious-symptoms-is-spreading-in-china-just-weeks-before-lunar-new-year"">A mystery virus with serious symptoms is spreading in China just weeks before lunar new year</a>",
"<a href=""https://www.healio.com/infectious-disease/emerging-diseases/news/online/%7B03d6f132-2299-42c2-8213-7ce2dc31a858%7D/sars-like-illness-has-infected-dozens-in-china"">SARS-like illness has infected dozens in China</a>",
"<a href=""https://www.globaltimes.cn/content/1176050.shtml"">No Hong Kong case contracts the unidentified pneumonia so far</a>",
"<a href=""https://www.newscientist.com/article/2229196-doctors-scramble-to-identify-mysterious-illness-emerging-in-china/amp/"">Doctors scramble to identify mysterious illness emerging in China</a>",
"<a href=""https://www.hawaiipublicradio.org/post/asia-minute-mystery-virus-hits-central-chinese-city#stream/0"">Asia Minute: Mystery Virus Hits Central Chinese City</a>",
"<a href=""http://outbreaknewstoday.com/cdc-issues-travel-notice-for-wuhan-china-due-to-pneumonia-cluster-83851/"">CDC issues travel notice for Wuhan, China due to pneumonia cluster</a>",
"<a href=""https://www.businesswire.com/news/home/20200107006023/en/AHF-Urges-Prompt-Action-Full-Transparency-Mysterious"">AHF Urges Prompt Action, Full Transparency for Mysterious Pneumonia Strain in China</a>",
"<a href=""https://www.theguardian.com/world/2020/jan/07/china-mystery-illness-travellers-checked-as-officials-fear-lunar-new-year-could-spread-bug"">China mystery illness: travellers checked as officials fear lunar new year could spread bug</a>",
"<a href=""https://www.washingtontimes.com/news/2020/jan/7/us-embassy-china-warns-travelers-avoid-animals-ami/"">U.S. Embassy in China warns travelers to avoid animals amid mysterious pneumonia outbreak</a>",
"<a href=""https://www.traveldailymedia.com/no-travel-ban-despite-patients-of-mysterious-viral-illness-in-china-climb-to-59/"">No travel ban as China’s mysterious virus strikes down 59</a>",
"<a href=""https://www.ttrweekly.com/site/2020/01/virus-scare-prompts-health-checks/"">Virus scare prompts health checks</a>",
"<a href=""https://www.livescience.com/china-mystery-pneumonia-is-not-sars.html"">A New, Unidentified Virus Is Causing Pneumonia Outbreak in China, Officials Say</a>",
