"Title ",
"<a href=""https://nationalpost.com/pmn/health-pmn/china-pneumonia-outbreak-may-be-linked-to-new-virus-who"">China pneumonia outbreak may be linked to new virus -WHO</a>",
"<a href=""https://ottawasun.com/pmn/health-pmn/china-pneumonia-outbreak-may-be-linked-to-new-virus-who/wcm/3be10abd-71ae-441b-a578-95afb9f9cac9"">CHINA'S PNEUMONIA OUTBREAK: May be tied to a new virus, WHO reports</a>",
"<a href=""https://www.republicworld.com/world-news/rest-of-the-world-news/south-korea-reports-1st-possible-case-of-viral-pneumonia.html"">South Korea Reports 1st Possible Case Of Viral Pneumonia</a>",
"<a href=""https://www.koreatimes.co.kr/www/nation/2020/01/119_281618.html"">Korea reports suspected case of mysterious pneumonia</a>",
"<a href=""https://medicalxpress.com/news/2020-01-south-korea-1st-case-viral.html"">South Korea reports 1st possible case of viral pneumonia</a>",
"<a href=""https://www.theepochtimes.com/south-korea-reports-first-possible-case-of-viral-pneumonia-that-started-in-china_3196996.html"">South Korea Reports First Possible Case of Viral Pneumonia That Started in China</a>",
"<a href=""https://arstechnica.com/science/2020/01/never-before-seen-virus-may-be-behind-mystery-outbreak-in-china/"">Never-before-seen virus may be behind mystery outbreak in China</a>",
"<a href=""https://www.dailymail.co.uk/health/article-7866519/Scientists-identify-NEW-virus-strain-Chinese-patients-mysterious-pneumonia.html"">Scientists identify a NEW virus strain in some of the Chinese patients struck by a mysterious pneumonia-like illness that's sickened 59 people</a>",
"<a href=""https://www.businessinsider.co.za/outbreak-in-wuhan-china-affects-59-people-panics-many-more"">A mysterious pneumonia outbreak is causing panic in China, and nobody knows where it came from</a>",
"<a href=""https://www.beckershospitalreview.com/quality/new-virus-strain-linked-to-china-s-pneumonia-outbreak.html"">New virus strain linked to China's pneumonia outbreak </a>",
"<a href=""http://www.cidrap.umn.edu/news-perspective/2020/01/virologists-weigh-novel-coronavirus-chinas-outbreak"">Virologists weigh in on novel coronavirus in China's outbreak</a>",
"<a href=""https://www.ejinsight.com/eji/article/id/2349169/20200108-the-mad-rush-for-masks"">The mad rush for masks</a>",
"<a href=""https://www.nature.com/articles/d41586-020-00020-9"">New virus identified as likely cause of mystery illness in China</a>",
"<a href=""https://asiatimes.com/2020/01/wuhan-disease-spread-by-bats-animals-expert/"">Wuhan disease spread by bats, animals: expert</a>",
"<a href=""https://www.dw.com/en/china-investigates-sars-like-virus-as-dozens-struck-by-pneumonia/a-51843861"">China investigates SARS-like virus as dozens struck by pneumonia</a>",
"<a href=""https://www.natureworldnews.com/articles/43129/20200108/china-fears-sars-epidemic.htm"">China Fears Possible Breakout of SARS-like Epidemic</a>",
"<a href=""https://www.local10.com/health/2020/01/08/mystery-illness-pops-up-in-china-heres-what-we-know-so-far/"">Mystery illness pops up in China -- here’s what we know so far</a>",
"<a href=""https://www.vaxbeforetravel.com/travelers-wuhan-china-should-avoid-animal-markets-and-contact-sick-people-says-cdc"">The Philippines Begins Screening People Arriving From China</a>",
"<a href=""https://news.cgtn.com/news/2020-01-08/Live-Wuhan-holds-press-conference-on-unknown-pneumonia-outbreak-N5EXRXkSgo/index.html"">Live: Press conference in Wuhan on mysterious pneumonia outbreak</a>",
"<a href=""https://abcnews.go.com/Health/wireStory/south-korea-reports-1st-case-viral-pneumonia-68139224"">South Korea reports 1st possible case of viral pneumonia</a>",
"<a href=""https://coconuts.co/hongkong/news/hongkongers-panic-buy-surgical-masks-amid-wuhan-virus-fears/"">Price of surgical masks through the roof in Hong Kong amid fears over Wuhan virus</a>",
"<a href=""https://www.wsj.com/articles/new-virus-discovered-by-chinese-scientists-investigating-pneumonia-outbreak-11578485668"">New Virus Discovered by Chinese Scientists Investigating Pneumonia Outbreak</a>",
"<a href=""https://www.bmj.com/content/368/bmj.m56"">Pneumonia in China: lack of information raises concerns among Hong Kong health workers</a>",
"<a href=""https://www.foodmarket.com/News/A/1161033/0/US-Embassy-in-China-Issues-Warning-to-Travelers-Over-Mysterious-Pneumonia-Outbreak"">U.S. Embassy in China Issues Warning to Travelers Over Mysterious Pneumonia Outbreak</a>",
