{"city08_mean":{"(1984, 'major domestic')":16.9492647059,"(1984, 'major import')":20.4425385935,"(1985, 'major domestic')":17.1176935229,"(1985, 'major import')":20.1105882353,"(1986, 'major domestic')":16.8822829964,"(1986, 'major import')":19.6355932203,"(1987, 'major domestic')":16.5291878173,"(1987, 'major import')":18.7720090293,"(1988, 'major domestic')":16.614084507,"(1988, 'major import')":18.6435643564,"(1989, 'major domestic')":16.2738944365,"(1989, 'major import')":18.3020594966,"(1990, 'major domestic')":15.8102073365,"(1990, 'major import')":18.3962703963,"(1991, 'major domestic')":15.8131147541,"(1991, 'major import')":18.0362473348,"(1992, 'major domestic')":15.9298531811,"(1992, 'major import')":17.9886363636,"(1993, 'major domestic')":16.1616161616,"(1993, 'major import')":17.8747252747,"(1994, 'major domestic')":16.1059479554,"(1994, 'major import')":17.6211764706,"(1995, 'major domestic')":15.5748502994,"(1995, 'major import')":17.6965517241,"(1996, 'major domestic')":16.0558375635,"(1996, 'major import')":18.3884297521,"(1997, 'major domestic')":15.9245810056,"(1997, 'major import')":18.0206185567,"(1998, 'major domestic')":16.067357513,"(1998, 'major import')":18.0588235294,"(1999, 'major domestic')":16.296,"(1999, 'major import')":18.0378151261,"(2000, 'major domestic')":16.1876675603,"(2000, 'major import')":18.0493562232,"(2001, 'major domestic')":16.1413612565,"(2001, 'major import')":18.0945179584,"(2002, 'major domestic')":15.6873508353,"(2002, 'major import')":17.8122743682,"(2003, 'major domestic')":15.4893617021,"(2003, 'major import')":17.6591276252,"(2004, 'major domestic')":15.4720357942,"(2004, 'major import')":17.5807407407,"(2005, 'major domestic')":15.7199124726,"(2005, 'major import')":17.6005665722,"(2006, 'major domestic')":15.5863636364,"(2006, 'major import')":17.3358547655,"(2007, 'major domestic')":15.8568376068,"(2007, 'major import')":17.1636085627,"(2008, 'major domestic')":16.2632696391,"(2008, 'major import')":17.3732394366,"(2009, 'major domestic')":16.8030634573,"(2009, 'major import')":17.6749654219,"(2010, 'major domestic')":17.7741116751,"(2010, 'major import')":18.2967651195,"(2011, 'major domestic')":17.6923076923,"(2011, 'major import')":19.1865771812,"(2012, 'major domestic')":17.9166666667,"(2012, 'major import')":19.8128205128,"(2013, 'major domestic')":19.6129032258,"(2013, 'major import')":21.0285714286,"(2014, 'major domestic')":20.2195767196,"(2014, 'major import')":21.3523809524,"(2015, 'major domestic')":21.3333333333,"(2015, 'major import')":21.488027366,"(2016, 'major domestic')":23.6231884058,"(2016, 'major import')":21.9988179669,"(2017, 'major domestic')":22.9495192308,"(2017, 'major import')":22.663981588,"(2018, 'major domestic')":22.6133004926,"(2018, 'major import')":22.5328310011,"(2019, 'major domestic')":23.520383693,"(2019, 'major import')":23.3663366337,"(2020, 'major domestic')":24.728,"(2020, 'major import')":23.2976744186,"(2021, 'major domestic')":23.1516587678,"(2021, 'major import')":24.4976133652,"(2022, 'major domestic')":23.5714285714,"(2022, 'major import')":26.3657074341,"(2023, 'major import')":22.1012658228},"manClass_count":{"(1984, 'major domestic')":1360,"(1984, 'major import')":583,"(1985, 'major domestic')":1266,"(1985, 'major import')":425,"(1986, 'major domestic')":841,"(1986, 'major import')":354,"(1987, 'major domestic')":788,"(1987, 'major import')":443,"(1988, 'major domestic')":710,"(1988, 'major import')":404,"(1989, 'major domestic')":701,"(1989, 'major import')":437,"(1990, 'major domestic')":627,"(1990, 'major import')":429,"(1991, 'major domestic')":610,"(1991, 'major import')":469,"(1992, 'major domestic')":613,"(1992, 'major import')":440,"(1993, 'major domestic')":594,"(1993, 'major import')":455,"(1994, 'major domestic')":538,"(1994, 'major import')":425,"(1995, 'major domestic')":501,"(1995, 'major import')":435,"(1996, 'major domestic')":394,"(1996, 'major import')":363,"(1997, 'major domestic')":358,"(1997, 'major import')":388,"(1998, 'major domestic')":386,"(1998, 'major import')":425,"(1999, 'major domestic')":375,"(1999, 'major import')":476,"(2000, 'major domestic')":373,"(2000, 'major import')":466,"(2001, 'major domestic')":382,"(2001, 'major import')":529,"(2002, 'major domestic')":419,"(2002, 'major import')":554,"(2003, 'major domestic')":423,"(2003, 'major import')":619,"(2004, 'major domestic')":447,"(2004, 'major import')":675,"(2005, 'major domestic')":457,"(2005, 'major import')":706,"(2006, 'major domestic')":440,"(2006, 'major import')":661,"(2007, 'major domestic')":468,"(2007, 'major import')":654,"(2008, 'major domestic')":471,"(2008, 'major import')":710,"(2009, 'major domestic')":457,"(2009, 'major import')":723,"(2010, 'major domestic')":394,"(2010, 'major import')":711,"(2011, 'major domestic')":377,"(2011, 'major import')":745,"(2012, 'major domestic')":360,"(2012, 'major import')":780,"(2013, 'major domestic')":372,"(2013, 'major import')":805,"(2014, 'major domestic')":378,"(2014, 'major import')":840,"(2015, 'major domestic')":402,"(2015, 'major import')":877,"(2016, 'major domestic')":414,"(2016, 'major import')":846,"(2017, 'major domestic')":416,"(2017, 'major import')":869,"(2018, 'major domestic')":406,"(2018, 'major import')":929,"(2019, 'major domestic')":417,"(2019, 'major import')":909,"(2020, 'major domestic')":375,"(2020, 'major import')":860,"(2021, 'major domestic')":422,"(2021, 'major import')":838,"(2022, 'major domestic')":427,"(2022, 'major import')":834,"(2023, 'major import')":79},"cylinders_mean":{"(1984, 'major domestic')":5.7632352941,"(1984, 'major import')":4.4922813036,"(1985, 'major domestic')":5.6856240126,"(1985, 'major import')":4.4869976359,"(1986, 'major domestic')":5.7942925089,"(1986, 'major import')":4.5382436261,"(1987, 'major domestic')":5.8236040609,"(1987, 'major import')":4.6817155756,"(1988, 'major domestic')":5.9112676056,"(1988, 'major import')":4.7004950495,"(1989, 'major domestic')":5.9172610556,"(1989, 'major import')":4.8352402746,"(1990, 'major domestic')":6.0542264753,"(1990, 'major import')":4.7552447552,"(1991, 'major domestic')":6.137704918,"(1991, 'major import')":4.9061833689,"(1992, 'major domestic')":6.0619902121,"(1992, 'major import')":4.9613636364,"(1993, 'major domestic')":6.0404040404,"(1993, 'major import')":5.0703296703,"(1994, 'major domestic')":6.1152416357,"(1994, 'major import')":5.2682352941,"(1995, 'major domestic')":6.3073852295,"(1995, 'major import')":5.3310344828,"(1996, 'major domestic')":6.152284264,"(1996, 'major import')":5.1101928375,"(1997, 'major domestic')":6.1899441341,"(1997, 'major import')":5.2345360825,"(1998, 'major domestic')":6.1119791667,"(1998, 'major import')":5.2429245283,"(1999, 'major domestic')":6.2032520325,"(1999, 'major import')":5.3389473684,"(2000, 'major domestic')":6.1482479784,"(2000, 'major import')":5.4094827586,"(2001, 'major domestic')":6.1794195251,"(2001, 'major import')":5.4440227704,"(2002, 'major domestic')":6.2535885167,"(2002, 'major import')":5.5189873418,"(2003, 'major domestic')":6.3593380615,"(2003, 'major import')":5.6666666667,"(2004, 'major domestic')":6.389261745,"(2004, 'major import')":5.6711111111,"(2005, 'major domestic')":6.2975929978,"(2005, 'major import')":5.7067988669,"(2006, 'major domestic')":6.3863636364,"(2006, 'major import')":5.9016641452,"(2007, 'major domestic')":6.3290598291,"(2007, 'major import')":6.0382262997,"(2008, 'major domestic')":6.3184713376,"(2008, 'major import')":6.1029619182,"(2009, 'major domestic')":6.3326039387,"(2009, 'major import')":5.9875518672,"(2010, 'major domestic')":5.9746192893,"(2010, 'major import')":5.9578059072,"(2011, 'major domestic')":6.2346666667,"(2011, 'major import')":5.8788694482,"(2012, 'major domestic')":6.2011173184,"(2012, 'major import')":5.8416988417,"(2013, 'major domestic')":6.0983606557,"(2013, 'major import')":5.7058823529,"(2014, 'major domestic')":5.8948787062,"(2014, 'major import')":5.7803121248,"(2015, 'major domestic')":5.8076923077,"(2015, 'major import')":5.6773823192,"(2016, 'major domestic')":5.6147959184,"(2016, 'major import')":5.6062052506,"(2017, 'major domestic')":5.6750629723,"(2017, 'major import')":5.5250291036,"(2018, 'major domestic')":5.7468030691,"(2018, 'major import')":5.4429967427,"(2019, 'major domestic')":5.7853535354,"(2019, 'major import')":5.3843575419,"(2020, 'major domestic')":5.8130311615,"(2020, 'major import')":5.5218934911,"(2021, 'major domestic')":5.9501246883,"(2021, 'major import')":5.4864197531,"(2022, 'major domestic')":5.9876237624,"(2022, 'major import')":5.376111817,"(2023, 'major import')":5.0126582278},"displ_mean":{"(1984, 'major domestic')":3.5624264706,"(1984, 'major import')":2.2358490566,"(1985, 'major domestic')":3.4867298578,"(1985, 'major import')":2.2340425532,"(1986, 'major domestic')":3.5731272295,"(1986, 'major import')":2.2531073446,"(1987, 'major domestic')":3.6091370558,"(1987, 'major import')":2.3997742664,"(1988, 'major domestic')":3.6871830986,"(1988, 'major import')":2.3457920792,"(1989, 'major domestic')":3.7346647646,"(1989, 'major import')":2.4064073227,"(1990, 'major domestic')":3.8527910686,"(1990, 'major import')":2.3629370629,"(1991, 'major domestic')":3.9290163934,"(1991, 'major import')":2.4601279318,"(1992, 'major domestic')":3.8376835237,"(1992, 'major import')":2.5384090909,"(1993, 'major domestic')":3.8045454545,"(1993, 'major import')":2.5936263736,"(1994, 'major domestic')":3.9001858736,"(1994, 'major import')":2.6962352941,"(1995, 'major domestic')":4.049500998,"(1995, 'major import')":2.7473563218,"(1996, 'major domestic')":3.8403553299,"(1996, 'major import')":2.6404958678,"(1997, 'major domestic')":3.8254189944,"(1997, 'major import')":2.7332474227,"(1998, 'major domestic')":3.76171875,"(1998, 'major import')":2.7200471698,"(1999, 'major domestic')":3.8224932249,"(1999, 'major import')":2.7454736842,"(2000, 'major domestic')":3.7541778976,"(2000, 'major import')":2.7823275862,"(2001, 'major domestic')":3.7852242744,"(2001, 'major import')":2.7963946869,"(2002, 'major domestic')":3.8366028708,"(2002, 'major import')":2.8414104882,"(2003, 'major domestic')":3.919858156,"(2003, 'major import')":2.9797734628,"(2004, 'major domestic')":3.9883668904,"(2004, 'major import')":2.9997037037,"(2005, 'major domestic')":3.9192560175,"(2005, 'major import')":3.059631728,"(2006, 'major domestic')":4.0202272727,"(2006, 'major import')":3.2328290469,"(2007, 'major domestic')":4.0064102564,"(2007, 'major import')":3.354587156,"(2008, 'major domestic')":3.9808917197,"(2008, 'major import')":3.4001410437,"(2009, 'major domestic')":4.0396061269,"(2009, 'major import')":3.3644536653,"(2010, 'major domestic')":3.7675126904,"(2010, 'major import')":3.3568213783,"(2011, 'major domestic')":4.0064,"(2011, 'major import')":3.2971736205,"(2012, 'major domestic')":3.9969273743,"(2012, 'major import')":3.2546975547,"(2013, 'major domestic')":3.8341530055,"(2013, 'major import')":3.153942428,"(2014, 'major domestic')":3.6458221024,"(2014, 'major import')":3.1908763505,"(2015, 'major domestic')":3.5971794872,"(2015, 'major import')":3.0980482204,"(2016, 'major domestic')":3.3772959184,"(2016, 'major import')":3.0170441001,"(2017, 'major domestic')":3.4347607053,"(2017, 'major import')":2.9335273574,"(2018, 'major domestic')":3.4404092072,"(2018, 'major import')":2.8720955483,"(2019, 'major domestic')":3.496969697,"(2019, 'major import')":2.8353072626,"(2020, 'major domestic')":3.5711048159,"(2020, 'major import')":2.890295858,"(2021, 'major domestic')":3.702244389,"(2021, 'major import')":2.8856790123,"(2022, 'major domestic')":3.7292079208,"(2022, 'major import')":2.8426937738,"(2023, 'major import')":2.6670886076}}